serial_no,exchange,index_provider,short_name,full_name,official_benchmark_name,code,code_type,asset_class,category,sequence_no,source_as_of,source_url,notes
1,NSE,NSE Indices,Nifty 500,Nifty 500 Index,Nifty 500,NSE_E_63,Official benchmark code,Equity,Broad Market,1,As on 2026-05-29,https://www.niftyindices.com/BenchmarkCodes/nifty_indices_benchmark_codes.pdf,From NSE Indices benchmark-code PDF
2,NSE,NSE Indices,Nifty 100,Nifty 100 Index,Nifty 100,NSE_E_59,Official benchmark code,Equity,Broad Market,2,As on 2026-05-29,https://www.niftyindices.com/BenchmarkCodes/nifty_indices_benchmark_codes.pdf,From NSE Indices benchmark-code PDF
3,NSE,NSE Indices,Nifty Midcap 150,Nifty Midcap 150 Index,Nifty Midcap 150,NSE_E_438,Official benchmark code,Equity,Broad Market,3,As on 2026-05-29,https://www.niftyindices.com/BenchmarkCodes/nifty_indices_benchmark_codes.pdf,From NSE Indices benchmark-code PDF
4,NSE,NSE Indices,Nifty Smallcap 250,Nifty Smallcap 250 Index,Nifty Smallcap 250,NSE_E_416,Official benchmark code,Equity,Broad Market,4,As on 2026-05-29,https://www.niftyindices.com/BenchmarkCodes/nifty_indices_benchmark_codes.pdf,From NSE Indices benchmark-code PDF
5,NSE,NSE Indices,Nifty 50,Nifty 50 Index,Nifty 50,NSE_E_60,Official benchmark code,Equity,Broad Market,5,As on 2026-05-29,https://www.niftyindices.com/BenchmarkCodes/nifty_indices_benchmark_codes.pdf,From NSE Indices benchmark-code PDF
6,NSE,NSE Indices,Nifty Next 50,Nifty Next 50 Index,Nifty Next 50,NSE_E_62,Official benchmark code,Equity,Broad Market,6,As on 2026-05-29,https://www.niftyindices.com/BenchmarkCodes/nifty_indices_benchmark_codes.pdf,From NSE Indices benchmark-code PDF
7,NSE,NSE Indices,Nifty Midcap 50,Nifty Midcap 50 Index,Nifty Midcap 50,NSE_E_39,Official benchmark code,Equity,Broad Market,7,As on 2026-05-29,https://www.niftyindices.com/BenchmarkCodes/nifty_indices_benchmark_codes.pdf,From NSE Indices benchmark-code PDF
8,NSE,NSE Indices,Nifty Midcap 100,Nifty Midcap 100 Index,Nifty Midcap 100,NSE_E_56,Official benchmark code,Equity,Broad Market,8,As on 2026-05-29,https://www.niftyindices.com/BenchmarkCodes/nifty_indices_benchmark_codes.pdf,From NSE Indices benchmark-code PDF
9,NSE,NSE Indices,Nifty Smallcap 50,Nifty Smallcap 50 Index,Nifty Smallcap 50,NSE_E_424,Official benchmark code,Equity,Broad Market,9,As on 2026-05-29,https://www.niftyindices.com/BenchmarkCodes/nifty_indices_benchmark_codes.pdf,From NSE Indices benchmark-code PDF
10,NSE,NSE Indices,Nifty Smallcap 100,Nifty Smallcap 100 Index,Nifty Smallcap 100,NSE_E_204,Official benchmark code,Equity,Broad Market,10,As on 2026-05-29,https://www.niftyindices.com/BenchmarkCodes/nifty_indices_benchmark_codes.pdf,From NSE Indices benchmark-code PDF
11,NSE,NSE Indices,Nifty Smallcap 500,Nifty Smallcap 500 Index,Nifty Smallcap 500,NSE_E_707,Official benchmark code,Equity,Broad Market,11,As on 2026-05-29,https://www.niftyindices.com/BenchmarkCodes/nifty_indices_benchmark_codes.pdf,From NSE Indices benchmark-code PDF
12,NSE,NSE Indices,Nifty 200,Nifty 200 Index,Nifty 200,NSE_E_224,Official benchmark code,Equity,Broad Market,12,As on 2026-05-29,https://www.niftyindices.com/BenchmarkCodes/nifty_indices_benchmark_codes.pdf,From NSE Indices benchmark-code PDF
13,NSE,NSE Indices,Nifty LargeMidcap 250,Nifty LargeMidcap 250 Index,Nifty LargeMidcap 250,NSE_E_472,Official benchmark code,Equity,Broad Market,13,As on 2026-05-29,https://www.niftyindices.com/BenchmarkCodes/nifty_indices_benchmark_codes.pdf,From NSE Indices benchmark-code PDF
14,NSE,NSE Indices,Nifty500 Multicap 50:25:25,Nifty500 Multicap 50:25:25 Index,Nifty500 Multicap 50:25:25,NSE_E_583,Official benchmark code,Equity,Broad Market,14,As on 2026-05-29,https://www.niftyindices.com/BenchmarkCodes/nifty_indices_benchmark_codes.pdf,From NSE Indices benchmark-code PDF
15,NSE,NSE Indices,Nifty Microcap 250,Nifty Microcap 250 Index,Nifty Microcap 250,NSE_E_584,Official benchmark code,Equity,Broad Market,15,As on 2026-05-29,https://www.niftyindices.com/BenchmarkCodes/nifty_indices_benchmark_codes.pdf,From NSE Indices benchmark-code PDF
16,NSE,NSE Indices,Nifty Total Market,Nifty Total Market Index,Nifty Total Market,NSE_E_591,Official benchmark code,Equity,Broad Market,16,As on 2026-05-29,https://www.niftyindices.com/BenchmarkCodes/nifty_indices_benchmark_codes.pdf,From NSE Indices benchmark-code PDF
17,NSE,NSE Indices,Nifty MidSmallcap 400,Nifty MidSmallcap 400 Index,Nifty MidSmallcap 400,NSE_E_428,Official benchmark code,Equity,Broad Market,17,As on 2026-05-29,https://www.niftyindices.com/BenchmarkCodes/nifty_indices_benchmark_codes.pdf,From NSE Indices benchmark-code PDF
18,NSE,NSE Indices,Nifty MidSmallcap400 50:50,Nifty MidSmallcap400 50:50 Index,Nifty MidSmallcap400 50:50,NSE_E_710,Official benchmark code,Equity,Broad Market,18,As on 2026-05-29,https://www.niftyindices.com/BenchmarkCodes/nifty_indices_benchmark_codes.pdf,From NSE Indices benchmark-code PDF
19,NSE,NSE Indices,Nifty Midcap Select,Nifty Midcap Select Index,Nifty Midcap Select,NSE_E_589,Official benchmark code,Equity,Broad Market,19,As on 2026-05-29,https://www.niftyindices.com/BenchmarkCodes/nifty_indices_benchmark_codes.pdf,From NSE Indices benchmark-code PDF
20,NSE,NSE Indices,Nifty500 LargeMidSmall Equal-Cap Weighted,Nifty500 LargeMidSmall Equal-Cap Weighted Index,Nifty500 LargeMidSmall Equal-Cap Weighted,NSE_E_667,Official benchmark code,Equity,Strategy / Factor,20,As on 2026-05-29,https://www.niftyindices.com/BenchmarkCodes/nifty_indices_benchmark_codes.pdf,From NSE Indices benchmark-code PDF
21,NSE,NSE Indices,Nifty India FPI 150,Nifty India FPI 150 Index,Nifty India FPI 150,NSE_E_700,Official benchmark code,Equity,Other Equity,21,As on 2026-05-29,https://www.niftyindices.com/BenchmarkCodes/nifty_indices_benchmark_codes.pdf,From NSE Indices benchmark-code PDF
22,NSE,NSE Indices,Nifty Auto,Nifty Auto Index,Nifty Auto,NSE_E_217,Official benchmark code,Equity,Sectoral,22,As on 2026-05-29,https://www.niftyindices.com/BenchmarkCodes/nifty_indices_benchmark_codes.pdf,From NSE Indices benchmark-code PDF
23,NSE,NSE Indices,Nifty Bank,Nifty Bank Index,Nifty Bank,NSE_E_54,Official benchmark code,Equity,Sectoral,23,As on 2026-05-29,https://www.niftyindices.com/BenchmarkCodes/nifty_indices_benchmark_codes.pdf,From NSE Indices benchmark-code PDF
24,NSE,NSE Indices,Nifty Cement,Nifty Cement Index,Nifty Cement,NSE_E_712,Official benchmark code,Equity,Sectoral,24,As on 2026-05-29,https://www.niftyindices.com/BenchmarkCodes/nifty_indices_benchmark_codes.pdf,From NSE Indices benchmark-code PDF
25,NSE,NSE Indices,Nifty Consumer Durables,Nifty Consumer Durables Index,Nifty Consumer Durables,NSE_E_564,Official benchmark code,Equity,Sectoral,25,As on 2026-05-29,https://www.niftyindices.com/BenchmarkCodes/nifty_indices_benchmark_codes.pdf,From NSE Indices benchmark-code PDF
26,NSE,NSE Indices,Nifty Financial Services,Nifty Financial Services Index,Nifty Financial Services,NSE_E_227,Official benchmark code,Equity,Sectoral,26,As on 2026-05-29,https://www.niftyindices.com/BenchmarkCodes/nifty_indices_benchmark_codes.pdf,From NSE Indices benchmark-code PDF
27,NSE,NSE Indices,Nifty Financial Services 25/50,Nifty Financial Services 25/50 Index,Nifty Financial Services 25/50,NSE_E_568,Official benchmark code,Equity,Sectoral,27,As on 2026-05-29,https://www.niftyindices.com/BenchmarkCodes/nifty_indices_benchmark_codes.pdf,From NSE Indices benchmark-code PDF
28,NSE,NSE Indices,Nifty Financial Services Ex-Bank,Nifty Financial Services Ex-Bank Index,Nifty Financial Services Ex-Bank,NSE_E_606,Official benchmark code,Equity,Sectoral,28,As on 2026-05-29,https://www.niftyindices.com/BenchmarkCodes/nifty_indices_benchmark_codes.pdf,From NSE Indices benchmark-code PDF
29,NSE,NSE Indices,Nifty FMCG,Nifty FMCG Index,Nifty FMCG,NSE_E_30,Official benchmark code,Equity,Sectoral,29,As on 2026-05-29,https://www.niftyindices.com/BenchmarkCodes/nifty_indices_benchmark_codes.pdf,From NSE Indices benchmark-code PDF
30,NSE,NSE Indices,Nifty Healthcare Index,Nifty Healthcare Index,Nifty Healthcare Index,NSE_E_581,Official benchmark code,Equity,Sectoral,30,As on 2026-05-29,https://www.niftyindices.com/BenchmarkCodes/nifty_indices_benchmark_codes.pdf,From NSE Indices benchmark-code PDF
31,NSE,NSE Indices,Nifty India Infrastructure & Logistics,Nifty India Infrastructure & Logistics Index,Nifty India Infrastructure & Logistics,NSE_E_695,Official benchmark code,Equity,Thematic,31,As on 2026-05-29,https://www.niftyindices.com/BenchmarkCodes/nifty_indices_benchmark_codes.pdf,From NSE Indices benchmark-code PDF
32,NSE,NSE Indices,Nifty IT,Nifty IT Index,Nifty IT,NSE_E_392,Official benchmark code,Equity,Sectoral,32,As on 2026-05-29,https://www.niftyindices.com/BenchmarkCodes/nifty_indices_benchmark_codes.pdf,From NSE Indices benchmark-code PDF
33,NSE,NSE Indices,Nifty Media,Nifty Media Index,Nifty Media,NSE_E_219,Official benchmark code,Equity,Sectoral,33,As on 2026-05-29,https://www.niftyindices.com/BenchmarkCodes/nifty_indices_benchmark_codes.pdf,From NSE Indices benchmark-code PDF
34,NSE,NSE Indices,Nifty Metal,Nifty Metal Index,Nifty Metal,NSE_E_398,Official benchmark code,Equity,Sectoral,34,As on 2026-05-29,https://www.niftyindices.com/BenchmarkCodes/nifty_indices_benchmark_codes.pdf,From NSE Indices benchmark-code PDF
35,NSE,NSE Indices,Nifty MidSmall Financial Services,Nifty MidSmall Financial Services Index,Nifty MidSmall Financial Services,NSE_E_621,Official benchmark code,Equity,Sectoral,35,As on 2026-05-29,https://www.niftyindices.com/BenchmarkCodes/nifty_indices_benchmark_codes.pdf,From NSE Indices benchmark-code PDF
36,NSE,NSE Indices,Nifty MidSmall Healthcare,Nifty MidSmall Healthcare Index,Nifty MidSmall Healthcare,NSE_E_622,Official benchmark code,Equity,Sectoral,36,As on 2026-05-29,https://www.niftyindices.com/BenchmarkCodes/nifty_indices_benchmark_codes.pdf,From NSE Indices benchmark-code PDF
37,NSE,NSE Indices,Nifty MidSmall IT & Telecom,Nifty MidSmall IT & Telecom Index,Nifty MidSmall IT & Telecom,NSE_E_624,Official benchmark code,Equity,Sectoral,37,As on 2026-05-29,https://www.niftyindices.com/BenchmarkCodes/nifty_indices_benchmark_codes.pdf,From NSE Indices benchmark-code PDF
38,NSE,NSE Indices,Nifty Oil & Gas,Nifty Oil & Gas Index,Nifty Oil & Gas,NSE_E_563,Official benchmark code,Equity,Sectoral,38,As on 2026-05-29,https://www.niftyindices.com/BenchmarkCodes/nifty_indices_benchmark_codes.pdf,From NSE Indices benchmark-code PDF
39,NSE,NSE Indices,Nifty Pharma,Nifty Pharma Index,Nifty Pharma,NSE_E_58,Official benchmark code,Equity,Sectoral,39,As on 2026-05-29,https://www.niftyindices.com/BenchmarkCodes/nifty_indices_benchmark_codes.pdf,From NSE Indices benchmark-code PDF
40,NSE,NSE Indices,Nifty Private Bank,Nifty Private Bank Index,Nifty Private Bank,NSE_E_412,Official benchmark code,Equity,Sectoral,40,As on 2026-05-29,https://www.niftyindices.com/BenchmarkCodes/nifty_indices_benchmark_codes.pdf,From NSE Indices benchmark-code PDF
41,NSE,NSE Indices,Nifty PSU Bank,Nifty PSU Bank Index,Nifty PSU Bank,NSE_E_38,Official benchmark code,Equity,Sectoral,41,As on 2026-05-29,https://www.niftyindices.com/BenchmarkCodes/nifty_indices_benchmark_codes.pdf,From NSE Indices benchmark-code PDF
42,NSE,NSE Indices,Nifty Realty,Nifty Realty Index,Nifty Realty,NSE_E_185,Official benchmark code,Equity,Sectoral,42,As on 2026-05-29,https://www.niftyindices.com/BenchmarkCodes/nifty_indices_benchmark_codes.pdf,From NSE Indices benchmark-code PDF
43,NSE,NSE Indices,Nifty REITs & Realty,Nifty REITs & Realty Index,Nifty REITs & Realty,NSE_E_713,Official benchmark code,Equity,Thematic,43,As on 2026-05-29,https://www.niftyindices.com/BenchmarkCodes/nifty_indices_benchmark_codes.pdf,From NSE Indices benchmark-code PDF
44,NSE,NSE Indices,Nifty500 Healthcare,Nifty500 Healthcare Index,Nifty500 Healthcare,NSE_E_697,Official benchmark code,Equity,Sectoral,44,As on 2026-05-29,https://www.niftyindices.com/BenchmarkCodes/nifty_indices_benchmark_codes.pdf,From NSE Indices benchmark-code PDF
45,NSE,NSE Indices,Nifty Alpha 50,Nifty Alpha 50 Index,Nifty Alpha 50,NSE_E_258,Official benchmark code,Equity,Strategy / Factor,45,As on 2026-05-29,https://www.niftyindices.com/BenchmarkCodes/nifty_indices_benchmark_codes.pdf,From NSE Indices benchmark-code PDF
46,NSE,NSE Indices,Nifty Alpha Low-Volatility 30,Nifty Alpha Low-Volatility 30 Index,Nifty Alpha Low-Volatility 30,NSE_E_461,Official benchmark code,Equity,Strategy / Factor,46,As on 2026-05-29,https://www.niftyindices.com/BenchmarkCodes/nifty_indices_benchmark_codes.pdf,From NSE Indices benchmark-code PDF
47,NSE,NSE Indices,Nifty Alpha Quality Low-Volatility 30,Nifty Alpha Quality Low-Volatility 30 Index,Nifty Alpha Quality Low-Volatility 30,NSE_E_463,Official benchmark code,Equity,Strategy / Factor,47,As on 2026-05-29,https://www.niftyindices.com/BenchmarkCodes/nifty_indices_benchmark_codes.pdf,From NSE Indices benchmark-code PDF
48,NSE,NSE Indices,Nifty Alpha Quality Value Low-Volatility 30,Nifty Alpha Quality Value Low-Volatility 30 Index,Nifty Alpha Quality Value Low-Volatility 30,NSE_E_464,Official benchmark code,Equity,Strategy / Factor,48,As on 2026-05-29,https://www.niftyindices.com/BenchmarkCodes/nifty_indices_benchmark_codes.pdf,From NSE Indices benchmark-code PDF
49,NSE,NSE Indices,Nifty Dividend Opportunities 50,Nifty Dividend Opportunities 50 Index,Nifty Dividend Opportunities 50,NSE_E_235,Official benchmark code,Equity,Strategy / Factor,49,As on 2026-05-29,https://www.niftyindices.com/BenchmarkCodes/nifty_indices_benchmark_codes.pdf,From NSE Indices benchmark-code PDF
50,NSE,NSE Indices,Nifty Growth Sectors 15,Nifty Growth Sectors 15 Index,Nifty Growth Sectors 15,NSE_E_367,Official benchmark code,Equity,Strategy / Factor,50,As on 2026-05-29,https://www.niftyindices.com/BenchmarkCodes/nifty_indices_benchmark_codes.pdf,From NSE Indices benchmark-code PDF
51,NSE,NSE Indices,Nifty High Beta 50,Nifty High Beta 50 Index,Nifty High Beta 50,NSE_E_260,Official benchmark code,Equity,Strategy / Factor,51,As on 2026-05-29,https://www.niftyindices.com/BenchmarkCodes/nifty_indices_benchmark_codes.pdf,From NSE Indices benchmark-code PDF
52,NSE,NSE Indices,Nifty Low Volatility 50,Nifty Low Volatility 50 Index,Nifty Low Volatility 50,NSE_E_257,Official benchmark code,Equity,Strategy / Factor,52,As on 2026-05-29,https://www.niftyindices.com/BenchmarkCodes/nifty_indices_benchmark_codes.pdf,From NSE Indices benchmark-code PDF
53,NSE,NSE Indices,Nifty Midcap150 Momentum 50,Nifty Midcap150 Momentum 50 Index,Nifty Midcap150 Momentum 50,NSE_E_625,Official benchmark code,Equity,Strategy / Factor,53,As on 2026-05-29,https://www.niftyindices.com/BenchmarkCodes/nifty_indices_benchmark_codes.pdf,From NSE Indices benchmark-code PDF
54,NSE,NSE Indices,Nifty Midcap150 Quality 50,Nifty Midcap150 Quality 50 Index,Nifty Midcap150 Quality 50,NSE_E_561,Official benchmark code,Equity,Strategy / Factor,54,As on 2026-05-29,https://www.niftyindices.com/BenchmarkCodes/nifty_indices_benchmark_codes.pdf,From NSE Indices benchmark-code PDF
55,NSE,NSE Indices,Nifty MidSmallcap400 Momentum Quality 100,Nifty MidSmallcap400 Momentum Quality 100 Index,Nifty MidSmallcap400 Momentum Quality 100,NSE_E_657,Official benchmark code,Equity,Strategy / Factor,55,As on 2026-05-29,https://www.niftyindices.com/BenchmarkCodes/nifty_indices_benchmark_codes.pdf,From NSE Indices benchmark-code PDF
56,NSE,NSE Indices,Nifty Quality Low-Volatility 30,Nifty Quality Low-Volatility 30 Index,Nifty Quality Low-Volatility 30,NSE_E_462,Official benchmark code,Equity,Strategy / Factor,56,As on 2026-05-29,https://www.niftyindices.com/BenchmarkCodes/nifty_indices_benchmark_codes.pdf,From NSE Indices benchmark-code PDF
57,NSE,NSE Indices,Nifty Smallcap250 Momentum Quality 100,Nifty Smallcap250 Momentum Quality 100 Index,Nifty Smallcap250 Momentum Quality 100,NSE_E_650,Official benchmark code,Equity,Strategy / Factor,57,As on 2026-05-29,https://www.niftyindices.com/BenchmarkCodes/nifty_indices_benchmark_codes.pdf,From NSE Indices benchmark-code PDF
58,NSE,NSE Indices,Nifty Smallcap250 Quality 50,Nifty Smallcap250 Quality 50 Index,Nifty Smallcap250 Quality 50,NSE_E_636,Official benchmark code,Equity,Strategy / Factor,58,As on 2026-05-29,https://www.niftyindices.com/BenchmarkCodes/nifty_indices_benchmark_codes.pdf,From NSE Indices benchmark-code PDF
59,NSE,NSE Indices,Nifty Top 10 Equal Weight,Nifty Top 10 Equal Weight Index,Nifty Top 10 Equal Weight,NSE_E_674,Official benchmark code,Equity,Strategy / Factor,59,As on 2026-05-29,https://www.niftyindices.com/BenchmarkCodes/nifty_indices_benchmark_codes.pdf,From NSE Indices benchmark-code PDF
60,NSE,NSE Indices,Nifty Top 15 Equal Weight,Nifty Top 15 Equal Weight Index,Nifty Top 15 Equal Weight,NSE_E_680,Official benchmark code,Equity,Strategy / Factor,60,As on 2026-05-29,https://www.niftyindices.com/BenchmarkCodes/nifty_indices_benchmark_codes.pdf,From NSE Indices benchmark-code PDF
61,NSE,NSE Indices,Nifty Top 20 Equal Weight,Nifty Top 20 Equal Weight Index,Nifty Top 20 Equal Weight,NSE_E_681,Official benchmark code,Equity,Strategy / Factor,61,As on 2026-05-29,https://www.niftyindices.com/BenchmarkCodes/nifty_indices_benchmark_codes.pdf,From NSE Indices benchmark-code PDF
62,NSE,NSE Indices,Nifty Total Market Momentum Quality 50,Nifty Total Market Momentum Quality 50 Index,Nifty Total Market Momentum Quality 50,NSE_E_699,Official benchmark code,Equity,Strategy / Factor,62,As on 2026-05-29,https://www.niftyindices.com/BenchmarkCodes/nifty_indices_benchmark_codes.pdf,From NSE Indices benchmark-code PDF
63,NSE,NSE Indices,Nifty100 Alpha 30,Nifty100 Alpha 30 Index,Nifty100 Alpha 30,NSE_E_555,Official benchmark code,Equity,Strategy / Factor,63,As on 2026-05-29,https://www.niftyindices.com/BenchmarkCodes/nifty_indices_benchmark_codes.pdf,From NSE Indices benchmark-code PDF
64,NSE,NSE Indices,Nifty100 Equal Weight,Nifty100 Equal Weight Index,Nifty100 Equal Weight,NSE_E_280,Official benchmark code,Equity,Strategy / Factor,64,As on 2026-05-29,https://www.niftyindices.com/BenchmarkCodes/nifty_indices_benchmark_codes.pdf,From NSE Indices benchmark-code PDF
65,NSE,NSE Indices,Nifty100 Low Volatility 30,Nifty100 Low Volatility 30 Index,Nifty100 Low Volatility 30,NSE_E_460,Official benchmark code,Equity,Strategy / Factor,65,As on 2026-05-29,https://www.niftyindices.com/BenchmarkCodes/nifty_indices_benchmark_codes.pdf,From NSE Indices benchmark-code PDF
66,NSE,NSE Indices,Nifty100 Quality 30,Nifty100 Quality 30 Index,Nifty100 Quality 30,NSE_E_391,Official benchmark code,Equity,Strategy / Factor,66,As on 2026-05-29,https://www.niftyindices.com/BenchmarkCodes/nifty_indices_benchmark_codes.pdf,From NSE Indices benchmark-code PDF
67,NSE,NSE Indices,Nifty200 Alpha 30,Nifty200 Alpha 30 Index,Nifty200 Alpha 30,NSE_E_620,Official benchmark code,Equity,Strategy / Factor,67,As on 2026-05-29,https://www.niftyindices.com/BenchmarkCodes/nifty_indices_benchmark_codes.pdf,From NSE Indices benchmark-code PDF
68,NSE,NSE Indices,Nifty200 Momentum 30,Nifty200 Momentum 30 Index,Nifty200 Momentum 30,NSE_E_580,Official benchmark code,Equity,Strategy / Factor,68,As on 2026-05-29,https://www.niftyindices.com/BenchmarkCodes/nifty_indices_benchmark_codes.pdf,From NSE Indices benchmark-code PDF
69,NSE,NSE Indices,Nifty200 Quality 30,Nifty200 Quality 30 Index,Nifty200 Quality 30,NSE_E_483,Official benchmark code,Equity,Strategy / Factor,69,As on 2026-05-29,https://www.niftyindices.com/BenchmarkCodes/nifty_indices_benchmark_codes.pdf,From NSE Indices benchmark-code PDF
70,NSE,NSE Indices,Nifty200 Value 30,Nifty200 Value 30 Index,Nifty200 Value 30,NSE_E_668,Official benchmark code,Equity,Strategy / Factor,70,As on 2026-05-29,https://www.niftyindices.com/BenchmarkCodes/nifty_indices_benchmark_codes.pdf,From NSE Indices benchmark-code PDF
71,NSE,NSE Indices,Nifty50 Equal Weight,Nifty50 Equal Weight Index,Nifty50 Equal Weight,NSE_E_457,Official benchmark code,Equity,Strategy / Factor,71,As on 2026-05-29,https://www.niftyindices.com/BenchmarkCodes/nifty_indices_benchmark_codes.pdf,From NSE Indices benchmark-code PDF
72,NSE,NSE Indices,Nifty50 Value 20,Nifty50 Value 20 Index,Nifty50 Value 20,NSE_E_353,Official benchmark code,Equity,Strategy / Factor,72,As on 2026-05-29,https://www.niftyindices.com/BenchmarkCodes/nifty_indices_benchmark_codes.pdf,From NSE Indices benchmark-code PDF
73,NSE,NSE Indices,Nifty500 Equal Weight,Nifty500 Equal Weight Index,Nifty500 Equal Weight,NSE_E_665,Official benchmark code,Equity,Strategy / Factor,73,As on 2026-05-29,https://www.niftyindices.com/BenchmarkCodes/nifty_indices_benchmark_codes.pdf,From NSE Indices benchmark-code PDF
74,NSE,NSE Indices,Nifty500 Flexicap Quality 30,Nifty500 Flexicap Quality 30 Index,Nifty500 Flexicap Quality 30,NSE_E_693,Official benchmark code,Equity,Strategy / Factor,74,As on 2026-05-29,https://www.niftyindices.com/BenchmarkCodes/nifty_indices_benchmark_codes.pdf,From NSE Indices benchmark-code PDF
75,NSE,NSE Indices,Nifty500 Low Volatility 50,Nifty500 Low Volatility 50 Index,Nifty500 Low Volatility 50,NSE_E_686,Official benchmark code,Equity,Strategy / Factor,75,As on 2026-05-29,https://www.niftyindices.com/BenchmarkCodes/nifty_indices_benchmark_codes.pdf,From NSE Indices benchmark-code PDF
76,NSE,NSE Indices,Nifty500 Momentum 50,Nifty500 Momentum 50 Index,Nifty500 Momentum 50,NSE_E_666,Official benchmark code,Equity,Strategy / Factor,76,As on 2026-05-29,https://www.niftyindices.com/BenchmarkCodes/nifty_indices_benchmark_codes.pdf,From NSE Indices benchmark-code PDF
77,NSE,NSE Indices,Nifty500 Multicap Momentum Quality 50,Nifty500 Multicap Momentum Quality 50 Index,Nifty500 Multicap Momentum Quality 50,NSE_E_677,Official benchmark code,Equity,Strategy / Factor,77,As on 2026-05-29,https://www.niftyindices.com/BenchmarkCodes/nifty_indices_benchmark_codes.pdf,From NSE Indices benchmark-code PDF
78,NSE,NSE Indices,Nifty500 Multifactor MQVLv 50,Nifty500 Multifactor MQVLv 50 Index,Nifty500 Multifactor MQVLv 50,NSE_E_689,Official benchmark code,Equity,Strategy / Factor,78,As on 2026-05-29,https://www.niftyindices.com/BenchmarkCodes/nifty_indices_benchmark_codes.pdf,From NSE Indices benchmark-code PDF
79,NSE,NSE Indices,Nifty500 Quality 50,Nifty500 Quality 50 Index,Nifty500 Quality 50,NSE_E_685,Official benchmark code,Equity,Strategy / Factor,79,As on 2026-05-29,https://www.niftyindices.com/BenchmarkCodes/nifty_indices_benchmark_codes.pdf,From NSE Indices benchmark-code PDF
80,NSE,NSE Indices,Nifty500 Value 50,Nifty500 Value 50 Index,Nifty500 Value 50,NSE_E_551,Official benchmark code,Equity,Strategy / Factor,80,As on 2026-05-29,https://www.niftyindices.com/BenchmarkCodes/nifty_indices_benchmark_codes.pdf,From NSE Indices benchmark-code PDF
81,NSE,NSE Indices,Nifty Capital Markets,Nifty Capital Markets Index,Nifty Capital Markets,NSE_E_678,Official benchmark code,Equity,Thematic,81,As on 2026-05-29,https://www.niftyindices.com/BenchmarkCodes/nifty_indices_benchmark_codes.pdf,From NSE Indices benchmark-code PDF
82,NSE,NSE Indices,Nifty Chemicals,Nifty Chemicals Index,Nifty Chemicals,NSE_E_692,Official benchmark code,Equity,Sectoral,82,As on 2026-05-29,https://www.niftyindices.com/BenchmarkCodes/nifty_indices_benchmark_codes.pdf,From NSE Indices benchmark-code PDF
83,NSE,NSE Indices,Nifty Commodities,Nifty Commodities Index,Nifty Commodities,NSE_E_236,Official benchmark code,Equity,Thematic,83,As on 2026-05-29,https://www.niftyindices.com/BenchmarkCodes/nifty_indices_benchmark_codes.pdf,From NSE Indices benchmark-code PDF
84,NSE,NSE Indices,Nifty Conglomerate 50,Nifty Conglomerate 50 Index,Nifty Conglomerate 50,NSE_E_702,Official benchmark code,Equity,Other Equity,84,As on 2026-05-29,https://www.niftyindices.com/BenchmarkCodes/nifty_indices_benchmark_codes.pdf,From NSE Indices benchmark-code PDF
85,NSE,NSE Indices,Nifty Core Housing,Nifty Core Housing Index,Nifty Core Housing,NSE_E_638,Official benchmark code,Equity,Other Equity,85,As on 2026-05-29,https://www.niftyindices.com/BenchmarkCodes/nifty_indices_benchmark_codes.pdf,From NSE Indices benchmark-code PDF
86,NSE,NSE Indices,Nifty CPSE,Nifty CPSE Index,Nifty CPSE,NSE_E_349,Official benchmark code,Equity,Thematic,86,As on 2026-05-29,https://www.niftyindices.com/BenchmarkCodes/nifty_indices_benchmark_codes.pdf,From NSE Indices benchmark-code PDF
87,NSE,NSE Indices,Nifty Energy,Nifty Energy Index,Nifty Energy,NSE_E_57,Official benchmark code,Equity,Thematic,87,As on 2026-05-29,https://www.niftyindices.com/BenchmarkCodes/nifty_indices_benchmark_codes.pdf,From NSE Indices benchmark-code PDF
88,NSE,NSE Indices,Nifty EV & New Age Automotive,Nifty EV & New Age Automotive Index,Nifty EV & New Age Automotive,NSE_E_664,Official benchmark code,Equity,Thematic,88,As on 2026-05-29,https://www.niftyindices.com/BenchmarkCodes/nifty_indices_benchmark_codes.pdf,From NSE Indices benchmark-code PDF
89,NSE,NSE Indices,Nifty Housing,Nifty Housing Index,Nifty Housing,NSE_E_611,Official benchmark code,Equity,Other Equity,89,As on 2026-05-29,https://www.niftyindices.com/BenchmarkCodes/nifty_indices_benchmark_codes.pdf,From NSE Indices benchmark-code PDF
90,NSE,NSE Indices,Nifty India Consumption,Nifty India Consumption Index,Nifty India Consumption,NSE_E_237,Official benchmark code,Equity,Thematic,90,As on 2026-05-29,https://www.niftyindices.com/BenchmarkCodes/nifty_indices_benchmark_codes.pdf,From NSE Indices benchmark-code PDF
91,NSE,NSE Indices,Nifty India Corporate Group Index - Aditya Birla Group,Nifty India Corporate Group Index - Aditya Birla Group,Nifty India Corporate Group Index - Aditya Birla Group,NSE_E_446,Official benchmark code,Equity,Thematic,91,As on 2026-05-29,https://www.niftyindices.com/BenchmarkCodes/nifty_indices_benchmark_codes.pdf,From NSE Indices benchmark-code PDF
92,NSE,NSE Indices,Nifty India Corporate Group Index - Mahindra Group,Nifty India Corporate Group Index - Mahindra Group,Nifty India Corporate Group Index - Mahindra Group,NSE_E_401,Official benchmark code,Equity,Thematic,92,As on 2026-05-29,https://www.niftyindices.com/BenchmarkCodes/nifty_indices_benchmark_codes.pdf,From NSE Indices benchmark-code PDF
93,NSE,NSE Indices,Nifty India Corporate Group Index - Tata Group,Nifty India Corporate Group Index - Tata Group,Nifty India Corporate Group Index - Tata Group,NSE_E_405,Official benchmark code,Equity,Thematic,93,As on 2026-05-29,https://www.niftyindices.com/BenchmarkCodes/nifty_indices_benchmark_codes.pdf,From NSE Indices benchmark-code PDF
94,NSE,NSE Indices,Nifty India Corporate Group Index - Tata Group 25% Cap,Nifty India Corporate Group Index - Tata Group 25% Cap,Nifty India Corporate Group Index - Tata Group 25% Cap,NSE_E_407,Official benchmark code,Equity,Thematic,94,As on 2026-05-29,https://www.niftyindices.com/BenchmarkCodes/nifty_indices_benchmark_codes.pdf,From NSE Indices benchmark-code PDF
95,NSE,NSE Indices,Nifty India Defence,Nifty India Defence Index,Nifty India Defence,NSE_E_604,Official benchmark code,Equity,Thematic,95,As on 2026-05-29,https://www.niftyindices.com/BenchmarkCodes/nifty_indices_benchmark_codes.pdf,From NSE Indices benchmark-code PDF
96,NSE,NSE Indices,Nifty India Digital,Nifty India Digital Index,Nifty India Digital,NSE_E_597,Official benchmark code,Equity,Thematic,96,As on 2026-05-29,https://www.niftyindices.com/BenchmarkCodes/nifty_indices_benchmark_codes.pdf,From NSE Indices benchmark-code PDF
97,NSE,NSE Indices,Nifty India Internet,Nifty India Internet Index,Nifty India Internet,NSE_E_691,Official benchmark code,Equity,Thematic,97,As on 2026-05-29,https://www.niftyindices.com/BenchmarkCodes/nifty_indices_benchmark_codes.pdf,From NSE Indices benchmark-code PDF
98,NSE,NSE Indices,Nifty India Manufacturing,Nifty India Manufacturing Index,Nifty India Manufacturing,NSE_E_588,Official benchmark code,Equity,Thematic,98,As on 2026-05-29,https://www.niftyindices.com/BenchmarkCodes/nifty_indices_benchmark_codes.pdf,From NSE Indices benchmark-code PDF
99,NSE,NSE Indices,Nifty India New Age Consumption,Nifty India New Age Consumption Index,Nifty India New Age Consumption,NSE_E_682,Official benchmark code,Equity,Thematic,99,As on 2026-05-29,https://www.niftyindices.com/BenchmarkCodes/nifty_indices_benchmark_codes.pdf,From NSE Indices benchmark-code PDF
100,NSE,NSE Indices,Nifty India Railways PSU,Nifty India Railways PSU Index,Nifty India Railways PSU,NSE_E_684,Official benchmark code,Equity,Thematic,100,As on 2026-05-29,https://www.niftyindices.com/BenchmarkCodes/nifty_indices_benchmark_codes.pdf,From NSE Indices benchmark-code PDF
101,NSE,NSE Indices,Nifty India Select 5 Corporate Groups (MAATR),Nifty India Select 5 Corporate Groups (MAATR) Index,Nifty India Select 5 Corporate Groups (MAATR),NSE_E_683,Official benchmark code,Equity,Thematic,101,As on 2026-05-29,https://www.niftyindices.com/BenchmarkCodes/nifty_indices_benchmark_codes.pdf,From NSE Indices benchmark-code PDF
102,NSE,NSE Indices,Nifty India Tourism,Nifty India Tourism Index,Nifty India Tourism,NSE_E_671,Official benchmark code,Equity,Thematic,102,As on 2026-05-29,https://www.niftyindices.com/BenchmarkCodes/nifty_indices_benchmark_codes.pdf,From NSE Indices benchmark-code PDF
103,NSE,NSE Indices,Nifty Infrastructure,Nifty Infrastructure Index,Nifty Infrastructure,NSE_E_40,Official benchmark code,Equity,Thematic,103,As on 2026-05-29,https://www.niftyindices.com/BenchmarkCodes/nifty_indices_benchmark_codes.pdf,From NSE Indices benchmark-code PDF
104,NSE,NSE Indices,Nifty IPO,Nifty IPO Index,Nifty IPO,NSE_E_586,Official benchmark code,Equity,Thematic,104,As on 2026-05-29,https://www.niftyindices.com/BenchmarkCodes/nifty_indices_benchmark_codes.pdf,From NSE Indices benchmark-code PDF
105,NSE,NSE Indices,Nifty Midcap Liquid 15,Nifty Midcap Liquid 15 Index,Nifty Midcap Liquid 15,NSE_E_360,Official benchmark code,Equity,Broad Market,105,As on 2026-05-29,https://www.niftyindices.com/BenchmarkCodes/nifty_indices_benchmark_codes.pdf,From NSE Indices benchmark-code PDF
106,NSE,NSE Indices,Nifty MidSmall India Consumption,Nifty MidSmall India Consumption Index,Nifty MidSmall India Consumption,NSE_E_626,Official benchmark code,Equity,Thematic,106,As on 2026-05-29,https://www.niftyindices.com/BenchmarkCodes/nifty_indices_benchmark_codes.pdf,From NSE Indices benchmark-code PDF
107,NSE,NSE Indices,Nifty MNC,Nifty MNC Index,Nifty MNC,NSE_E_147,Official benchmark code,Equity,Thematic,107,As on 2026-05-29,https://www.niftyindices.com/BenchmarkCodes/nifty_indices_benchmark_codes.pdf,From NSE Indices benchmark-code PDF
108,NSE,NSE Indices,Nifty Mobility,Nifty Mobility Index,Nifty Mobility,NSE_E_596,Official benchmark code,Equity,Thematic,108,As on 2026-05-29,https://www.niftyindices.com/BenchmarkCodes/nifty_indices_benchmark_codes.pdf,From NSE Indices benchmark-code PDF
109,NSE,NSE Indices,Nifty Non-Cyclical Consumer,Nifty Non-Cyclical Consumer Index,Nifty Non-Cyclical Consumer,NSE_E_593,Official benchmark code,Equity,Other Equity,109,As on 2026-05-29,https://www.niftyindices.com/BenchmarkCodes/nifty_indices_benchmark_codes.pdf,From NSE Indices benchmark-code PDF
110,NSE,NSE Indices,Nifty PSE,Nifty PSE Index,Nifty PSE,NSE_E_124,Official benchmark code,Equity,Thematic,110,As on 2026-05-29,https://www.niftyindices.com/BenchmarkCodes/nifty_indices_benchmark_codes.pdf,From NSE Indices benchmark-code PDF
111,NSE,NSE Indices,Nifty REITs & InvITs,Nifty REITs & InvITs Index,Nifty REITs & InvITs,NSE_E_637,Official benchmark code,Equity,Thematic,111,As on 2026-05-29,https://www.niftyindices.com/BenchmarkCodes/nifty_indices_benchmark_codes.pdf,From NSE Indices benchmark-code PDF
112,NSE,NSE Indices,Nifty Rural,Nifty Rural Index,Nifty Rural,NSE_E_676,Official benchmark code,Equity,Thematic,112,As on 2026-05-29,https://www.niftyindices.com/BenchmarkCodes/nifty_indices_benchmark_codes.pdf,From NSE Indices benchmark-code PDF
113,NSE,NSE Indices,Nifty Services Sector,Nifty Services Sector Index,Nifty Services Sector,NSE_E_47,Official benchmark code,Equity,Sectoral,113,As on 2026-05-29,https://www.niftyindices.com/BenchmarkCodes/nifty_indices_benchmark_codes.pdf,From NSE Indices benchmark-code PDF
114,NSE,NSE Indices,Nifty Shariah 25,Nifty Shariah 25 Index,Nifty Shariah 25,NSE_E_363,Official benchmark code,Equity,ESG / Shariah / Ethical,114,As on 2026-05-29,https://www.niftyindices.com/BenchmarkCodes/nifty_indices_benchmark_codes.pdf,From NSE Indices benchmark-code PDF
115,NSE,NSE Indices,Nifty SME EMERGE,Nifty SME EMERGE Index,Nifty SME EMERGE,NSE_E_473,Official benchmark code,Equity,Thematic,115,As on 2026-05-29,https://www.niftyindices.com/BenchmarkCodes/nifty_indices_benchmark_codes.pdf,From NSE Indices benchmark-code PDF
116,NSE,NSE Indices,Nifty Transportation & Logistics,Nifty Transportation & Logistics Index,Nifty Transportation & Logistics,NSE_E_612,Official benchmark code,Equity,Thematic,116,As on 2026-05-29,https://www.niftyindices.com/BenchmarkCodes/nifty_indices_benchmark_codes.pdf,From NSE Indices benchmark-code PDF
117,NSE,NSE Indices,Nifty Waves,Nifty Waves Index,Nifty Waves,NSE_E_694,Official benchmark code,Equity,Other Equity,117,As on 2026-05-29,https://www.niftyindices.com/BenchmarkCodes/nifty_indices_benchmark_codes.pdf,From NSE Indices benchmark-code PDF
118,NSE,NSE Indices,Nifty100 Enhanced ESG,Nifty100 Enhanced ESG Index,Nifty100 Enhanced ESG,NSE_E_479,Official benchmark code,Equity,ESG / Shariah / Ethical,118,As on 2026-05-29,https://www.niftyindices.com/BenchmarkCodes/nifty_indices_benchmark_codes.pdf,From NSE Indices benchmark-code PDF
119,NSE,NSE Indices,Nifty100 ESG,Nifty100 ESG Index,Nifty100 ESG,NSE_E_478,Official benchmark code,Equity,ESG / Shariah / Ethical,119,As on 2026-05-29,https://www.niftyindices.com/BenchmarkCodes/nifty_indices_benchmark_codes.pdf,From NSE Indices benchmark-code PDF
120,NSE,NSE Indices,Nifty100 ESG Sector Leaders,Nifty100 ESG Sector Leaders Index,Nifty100 ESG Sector Leaders,NSE_E_576,Official benchmark code,Equity,ESG / Shariah / Ethical,120,As on 2026-05-29,https://www.niftyindices.com/BenchmarkCodes/nifty_indices_benchmark_codes.pdf,From NSE Indices benchmark-code PDF
121,NSE,NSE Indices,Nifty100 Liquid 15,Nifty100 Liquid 15 Index,Nifty100 Liquid 15,NSE_E_286,Official benchmark code,Equity,Broad Market,121,As on 2026-05-29,https://www.niftyindices.com/BenchmarkCodes/nifty_indices_benchmark_codes.pdf,From NSE Indices benchmark-code PDF
122,NSE,NSE Indices,Nifty50 Shariah,Nifty50 Shariah Index,Nifty50 Shariah,NSE_E_43,Official benchmark code,Equity,ESG / Shariah / Ethical,122,As on 2026-05-29,https://www.niftyindices.com/BenchmarkCodes/nifty_indices_benchmark_codes.pdf,From NSE Indices benchmark-code PDF
123,NSE,NSE Indices,Nifty500 Multicap India Manufacturing 50:30:20,Nifty500 Multicap India Manufacturing 50:30:20 Index,Nifty500 Multicap India Manufacturing 50:30:20,NSE_E_662,Official benchmark code,Equity,Thematic,123,As on 2026-05-29,https://www.niftyindices.com/BenchmarkCodes/nifty_indices_benchmark_codes.pdf,From NSE Indices benchmark-code PDF
124,NSE,NSE Indices,Nifty500 Multicap Infrastructure 50:30:20,Nifty500 Multicap Infrastructure 50:30:20 Index,Nifty500 Multicap Infrastructure 50:30:20,NSE_E_663,Official benchmark code,Equity,Thematic,124,As on 2026-05-29,https://www.niftyindices.com/BenchmarkCodes/nifty_indices_benchmark_codes.pdf,From NSE Indices benchmark-code PDF
125,NSE,NSE Indices,Nifty500 Shariah,Nifty500 Shariah Index,Nifty500 Shariah,NSE_E_36,Official benchmark code,Equity,ESG / Shariah / Ethical,125,As on 2026-05-29,https://www.niftyindices.com/BenchmarkCodes/nifty_indices_benchmark_codes.pdf,From NSE Indices benchmark-code PDF
126,NSE,NSE Indices,Nifty50 USD,Nifty50 USD Index,Nifty50 USD,NSE_E_60,Official benchmark code,Equity,Broad Market,126,As on 2026-05-29,https://www.niftyindices.com/BenchmarkCodes/nifty_indices_benchmark_codes.pdf,From NSE Indices benchmark-code PDF
127,NSE,NSE Indices,Nifty 50 Futures Index,Nifty 50 Futures Index,Nifty 50 Futures Index,NSE_E_447,Official benchmark code,Equity,Derivative / Strategy,127,As on 2026-05-29,https://www.niftyindices.com/BenchmarkCodes/nifty_indices_benchmark_codes.pdf,From NSE Indices benchmark-code PDF
128,NSE,NSE Indices,Nifty 50 Futures TR Index,Nifty 50 Futures TR Index,Nifty 50 Futures TR Index,NSE_E_448,Official benchmark code,Equity,Derivative / Strategy,128,As on 2026-05-29,https://www.niftyindices.com/BenchmarkCodes/nifty_indices_benchmark_codes.pdf,From NSE Indices benchmark-code PDF
129,NSE,NSE Indices,Nifty50 Dividend Points,Nifty50 Dividend Points,Nifty50 Dividend Points,NSE_E_241,Official benchmark code,Equity,Derivative / Strategy,129,As on 2026-05-29,https://www.niftyindices.com/BenchmarkCodes/nifty_indices_benchmark_codes.pdf,From NSE Indices benchmark-code PDF
130,NSE,NSE Indices,Nifty50 PR 1x Inverse,Nifty50 PR 1x Inverse Index,Nifty50 PR 1x Inverse,NSE_E_385,Official benchmark code,Equity,Derivative / Strategy,130,As on 2026-05-29,https://www.niftyindices.com/BenchmarkCodes/nifty_indices_benchmark_codes.pdf,From NSE Indices benchmark-code PDF
131,NSE,NSE Indices,Nifty50 PR 2x Leverage,Nifty50 PR 2x Leverage Index,Nifty50 PR 2x Leverage,NSE_E_386,Official benchmark code,Equity,Derivative / Strategy,131,As on 2026-05-29,https://www.niftyindices.com/BenchmarkCodes/nifty_indices_benchmark_codes.pdf,From NSE Indices benchmark-code PDF
132,NSE,NSE Indices,Nifty50 TR 1x Inverse,Nifty50 TR 1x Inverse Index,Nifty50 TR 1x Inverse,NSE_E_383,Official benchmark code,Equity,Derivative / Strategy,132,As on 2026-05-29,https://www.niftyindices.com/BenchmarkCodes/nifty_indices_benchmark_codes.pdf,From NSE Indices benchmark-code PDF
133,NSE,NSE Indices,Nifty50 TR 2x Leverage,Nifty50 TR 2x Leverage Index,Nifty50 TR 2x Leverage,NSE_E_384,Official benchmark code,Equity,Derivative / Strategy,133,As on 2026-05-29,https://www.niftyindices.com/BenchmarkCodes/nifty_indices_benchmark_codes.pdf,From NSE Indices benchmark-code PDF
134,NSE,NSE Indices,Nifty Capital Goods,Nifty Capital Goods Index,Nifty Capital Goods,,Not listed in benchmark-code PDF used,Equity,Sectoral,,Nifty Indices website list; accessed 2026-07-08,https://www.niftyindices.com/,Official index name appeared on Nifty Indices website; benchmark code not present in the PDF rows used
135,NSE,NSE Indices,Nifty Commercial & Transport Services,Nifty Commercial & Transport Services Index,Nifty Commercial & Transport Services,,Not listed in benchmark-code PDF used,Equity,Sectoral,,Nifty Indices website list; accessed 2026-07-08,https://www.niftyindices.com/,Official index name appeared on Nifty Indices website; benchmark code not present in the PDF rows used
136,NSE,NSE Indices,Nifty Construction,Nifty Construction Index,Nifty Construction,,Not listed in benchmark-code PDF used,Equity,Sectoral,,Nifty Indices website list; accessed 2026-07-08,https://www.niftyindices.com/,Official index name appeared on Nifty Indices website; benchmark code not present in the PDF rows used
137,NSE,NSE Indices,Nifty Consumer Services,Nifty Consumer Services Index,Nifty Consumer Services,,Not listed in benchmark-code PDF used,Equity,Sectoral,,Nifty Indices website list; accessed 2026-07-08,https://www.niftyindices.com/,Official index name appeared on Nifty Indices website; benchmark code not present in the PDF rows used
138,NSE,NSE Indices,Nifty Hospitals,Nifty Hospitals Index,Nifty Hospitals,,Not listed in benchmark-code PDF used,Equity,Sectoral,,Nifty Indices website list; accessed 2026-07-08,https://www.niftyindices.com/,Official index name appeared on Nifty Indices website; benchmark code not present in the PDF rows used
139,NSE,NSE Indices,Nifty Housing Finance,Nifty Housing Finance Index,Nifty Housing Finance,,Not listed in benchmark-code PDF used,Equity,Sectoral,,Nifty Indices website list; accessed 2026-07-08,https://www.niftyindices.com/,Official index name appeared on Nifty Indices website; benchmark code not present in the PDF rows used
140,NSE,NSE Indices,Nifty Insurance,Nifty Insurance Index,Nifty Insurance,,Not listed in benchmark-code PDF used,Equity,Sectoral,,Nifty Indices website list; accessed 2026-07-08,https://www.niftyindices.com/,Official index name appeared on Nifty Indices website; benchmark code not present in the PDF rows used
141,NSE,NSE Indices,Nifty NBFC,Nifty NBFC Index,Nifty NBFC,,Not listed in benchmark-code PDF used,Equity,Sectoral,,Nifty Indices website list; accessed 2026-07-08,https://www.niftyindices.com/,Official index name appeared on Nifty Indices website; benchmark code not present in the PDF rows used
142,NSE,NSE Indices,Nifty Power,Nifty Power Index,Nifty Power,,Not listed in benchmark-code PDF used,Equity,Sectoral,,Nifty Indices website list; accessed 2026-07-08,https://www.niftyindices.com/,Official index name appeared on Nifty Indices website; benchmark code not present in the PDF rows used
143,NSE,NSE Indices,Nifty Retail,Nifty Retail Index,Nifty Retail,,Not listed in benchmark-code PDF used,Equity,Sectoral,,Nifty Indices website list; accessed 2026-07-08,https://www.niftyindices.com/,Official index name appeared on Nifty Indices website; benchmark code not present in the PDF rows used
144,NSE,NSE Indices,Nifty Telecommunications,Nifty Telecommunications Index,Nifty Telecommunications,,Not listed in benchmark-code PDF used,Equity,Sectoral,,Nifty Indices website list; accessed 2026-07-08,https://www.niftyindices.com/,Official index name appeared on Nifty Indices website; benchmark code not present in the PDF rows used
145,BSE,BSE Index Services,BSE SENSEX,BSE SENSEX Index,BSE SENSEX,BSE_E_0001,Official benchmark code,Equity,Broad Market,1,Index_Master_Data PDF; accessed 2026-07-08,https://www.asiaindex.co.in/Downloads/Index_Master_Data.pdf,From BSE Index Services benchmark-code PDF
146,BSE,BSE Index Services,BSE 100,BSE 100 Index,BSE 100,BSE_E_0002,Official benchmark code,Equity,Broad Market,2,Index_Master_Data PDF; accessed 2026-07-08,https://www.asiaindex.co.in/Downloads/Index_Master_Data.pdf,From BSE Index Services benchmark-code PDF
147,BSE,BSE Index Services,BSE 200,BSE 200 Index,BSE 200,BSE_E_0003,Official benchmark code,Equity,Broad Market,3,Index_Master_Data PDF; accessed 2026-07-08,https://www.asiaindex.co.in/Downloads/Index_Master_Data.pdf,From BSE Index Services benchmark-code PDF
148,BSE,BSE Index Services,BSE 500,BSE 500 Index,BSE 500,BSE_E_0004,Official benchmark code,Equity,Broad Market,4,Index_Master_Data PDF; accessed 2026-07-08,https://www.asiaindex.co.in/Downloads/Index_Master_Data.pdf,From BSE Index Services benchmark-code PDF
149,BSE,BSE Index Services,BSE CAPITAL GOODS,BSE CAPITAL GOODS Index,BSE CAPITAL GOODS,BSE_E_0007,Official benchmark code,Equity,Sectoral,5,Index_Master_Data PDF; accessed 2026-07-08,https://www.asiaindex.co.in/Downloads/Index_Master_Data.pdf,From BSE Index Services benchmark-code PDF
150,BSE,BSE Index Services,BSE CONSUMER DURABLES,BSE CONSUMER DURABLES Index,BSE CONSUMER DURABLES,BSE_E_0008,Official benchmark code,Equity,Sectoral,6,Index_Master_Data PDF; accessed 2026-07-08,https://www.asiaindex.co.in/Downloads/Index_Master_Data.pdf,From BSE Index Services benchmark-code PDF
151,BSE,BSE Index Services,BSE PSU,BSE PSU Index,BSE PSU,BSE_E_0010,Official benchmark code,Equity,Other Equity,7,Index_Master_Data PDF; accessed 2026-07-08,https://www.asiaindex.co.in/Downloads/Index_Master_Data.pdf,From BSE Index Services benchmark-code PDF
152,BSE,BSE Index Services,BSE TECK,BSE TECK Index,BSE TECK,BSE_E_0011,Official benchmark code,Equity,Sectoral,8,Index_Master_Data PDF; accessed 2026-07-08,https://www.asiaindex.co.in/Downloads/Index_Master_Data.pdf,From BSE Index Services benchmark-code PDF
153,BSE,BSE Index Services,BSE BANKEX,BSE BANKEX Index,BSE BANKEX,BSE_E_0012,Official benchmark code,Equity,Sectoral,9,Index_Master_Data PDF; accessed 2026-07-08,https://www.asiaindex.co.in/Downloads/Index_Master_Data.pdf,From BSE Index Services benchmark-code PDF
154,BSE,BSE Index Services,BSE AUTO,BSE AUTO Index,BSE AUTO,BSE_E_0013,Official benchmark code,Equity,Sectoral,10,Index_Master_Data PDF; accessed 2026-07-08,https://www.asiaindex.co.in/Downloads/Index_Master_Data.pdf,From BSE Index Services benchmark-code PDF
155,BSE,BSE Index Services,BSE METAL,BSE METAL Index,BSE METAL,BSE_E_0014,Official benchmark code,Equity,Sectoral,11,Index_Master_Data PDF; accessed 2026-07-08,https://www.asiaindex.co.in/Downloads/Index_Master_Data.pdf,From BSE Index Services benchmark-code PDF
156,BSE,BSE Index Services,BSE OIL & GAS,BSE OIL & GAS Index,BSE OIL & GAS,BSE_E_0015,Official benchmark code,Equity,Sectoral,12,Index_Master_Data PDF; accessed 2026-07-08,https://www.asiaindex.co.in/Downloads/Index_Master_Data.pdf,From BSE Index Services benchmark-code PDF
157,BSE,BSE Index Services,BSE REALTY,BSE REALTY Index,BSE REALTY,BSE_E_0021,Official benchmark code,Equity,Sectoral,13,Index_Master_Data PDF; accessed 2026-07-08,https://www.asiaindex.co.in/Downloads/Index_Master_Data.pdf,From BSE Index Services benchmark-code PDF
158,BSE,BSE Index Services,BSE POWER,BSE POWER Index,BSE POWER,BSE_E_0022,Official benchmark code,Equity,Sectoral,14,Index_Master_Data PDF; accessed 2026-07-08,https://www.asiaindex.co.in/Downloads/Index_Master_Data.pdf,From BSE Index Services benchmark-code PDF
159,BSE,BSE Index Services,BSE IPO,BSE IPO Index,BSE IPO,BSE_E_0023,Official benchmark code,Equity,Thematic,15,Index_Master_Data PDF; accessed 2026-07-08,https://www.asiaindex.co.in/Downloads/Index_Master_Data.pdf,From BSE Index Services benchmark-code PDF
160,BSE,BSE Index Services,BSE SME IPO,BSE SME IPO Index,BSE SME IPO,BSE_E_0027,Official benchmark code,Equity,Thematic,16,Index_Master_Data PDF; accessed 2026-07-08,https://www.asiaindex.co.in/Downloads/Index_Master_Data.pdf,From BSE Index Services benchmark-code PDF
161,BSE,BSE Index Services,BSE INDIA INFRASTRUCTURE INDEX,BSE INDIA INFRASTRUCTURE INDEX,BSE INDIA INFRASTRUCTURE INDEX,BSE_E_0028,Official benchmark code,Equity,Thematic,17,Index_Master_Data PDF; accessed 2026-07-08,https://www.asiaindex.co.in/Downloads/Index_Master_Data.pdf,From BSE Index Services benchmark-code PDF
162,BSE,BSE Index Services,BSE CPSE,BSE CPSE Index,BSE CPSE,BSE_E_0029,Official benchmark code,Equity,Thematic,18,Index_Master_Data PDF; accessed 2026-07-08,https://www.asiaindex.co.in/Downloads/Index_Master_Data.pdf,From BSE Index Services benchmark-code PDF
163,BSE,BSE Index Services,BSE MIDCAP,BSE MIDCAP Index,BSE MIDCAP,BSE_E_0030,Official benchmark code,Equity,Broad Market,19,Index_Master_Data PDF; accessed 2026-07-08,https://www.asiaindex.co.in/Downloads/Index_Master_Data.pdf,From BSE Index Services benchmark-code PDF
164,BSE,BSE Index Services,BSE SMALLCAP,BSE SMALLCAP Index,BSE SMALLCAP,BSE_E_0031,Official benchmark code,Equity,Broad Market,20,Index_Master_Data PDF; accessed 2026-07-08,https://www.asiaindex.co.in/Downloads/Index_Master_Data.pdf,From BSE Index Services benchmark-code PDF
165,BSE,BSE Index Services,BSE FAST MOVING CONSUMER GOODS,BSE FAST MOVING CONSUMER GOODS Index,BSE FAST MOVING CONSUMER GOODS,BSE_E_0032,Official benchmark code,Equity,Other Equity,21,Index_Master_Data PDF; accessed 2026-07-08,https://www.asiaindex.co.in/Downloads/Index_Master_Data.pdf,From BSE Index Services benchmark-code PDF
166,BSE,BSE Index Services,BSE HEALTHCARE,BSE HEALTHCARE Index,BSE HEALTHCARE,BSE_E_0033,Official benchmark code,Equity,Sectoral,22,Index_Master_Data PDF; accessed 2026-07-08,https://www.asiaindex.co.in/Downloads/Index_Master_Data.pdf,From BSE Index Services benchmark-code PDF
167,BSE,BSE Index Services,BSE INFORMATION TECHNOLOGY,BSE INFORMATION TECHNOLOGY Index,BSE INFORMATION TECHNOLOGY,BSE_E_0034,Official benchmark code,Equity,Sectoral,23,Index_Master_Data PDF; accessed 2026-07-08,https://www.asiaindex.co.in/Downloads/Index_Master_Data.pdf,From BSE Index Services benchmark-code PDF
168,BSE,BSE Index Services,BSE INDIA MANUFACTURING INDEX,BSE INDIA MANUFACTURING INDEX,BSE INDIA MANUFACTURING INDEX,BSE_E_0035,Official benchmark code,Equity,Thematic,24,Index_Master_Data PDF; accessed 2026-07-08,https://www.asiaindex.co.in/Downloads/Index_Master_Data.pdf,From BSE Index Services benchmark-code PDF
169,BSE,BSE Index Services,BSE ALLCAP,BSE ALLCAP Index,BSE ALLCAP,BSE_E_0036,Official benchmark code,Equity,Broad Market,25,Index_Master_Data PDF; accessed 2026-07-08,https://www.asiaindex.co.in/Downloads/Index_Master_Data.pdf,From BSE Index Services benchmark-code PDF
170,BSE,BSE Index Services,BSE COMMODITIES,BSE COMMODITIES Index,BSE COMMODITIES,BSE_E_0037,Official benchmark code,Equity,Thematic,26,Index_Master_Data PDF; accessed 2026-07-08,https://www.asiaindex.co.in/Downloads/Index_Master_Data.pdf,From BSE Index Services benchmark-code PDF
171,BSE,BSE Index Services,BSE CONSUMER DISCRETIONARY,BSE CONSUMER DISCRETIONARY Index,BSE CONSUMER DISCRETIONARY,BSE_E_0038,Official benchmark code,Equity,Other Equity,27,Index_Master_Data PDF; accessed 2026-07-08,https://www.asiaindex.co.in/Downloads/Index_Master_Data.pdf,From BSE Index Services benchmark-code PDF
172,BSE,BSE Index Services,BSE ENERGY,BSE ENERGY Index,BSE ENERGY,BSE_E_0039,Official benchmark code,Equity,Thematic,28,Index_Master_Data PDF; accessed 2026-07-08,https://www.asiaindex.co.in/Downloads/Index_Master_Data.pdf,From BSE Index Services benchmark-code PDF
173,BSE,BSE Index Services,BSE FINANCIAL SERVICES,BSE FINANCIAL SERVICES Index,BSE FINANCIAL SERVICES,BSE_E_0040,Official benchmark code,Equity,Sectoral,29,Index_Master_Data PDF; accessed 2026-07-08,https://www.asiaindex.co.in/Downloads/Index_Master_Data.pdf,From BSE Index Services benchmark-code PDF
174,BSE,BSE Index Services,BSE INDUSTRIALS,BSE INDUSTRIALS Index,BSE INDUSTRIALS,BSE_E_0041,Official benchmark code,Equity,Sectoral,30,Index_Master_Data PDF; accessed 2026-07-08,https://www.asiaindex.co.in/Downloads/Index_Master_Data.pdf,From BSE Index Services benchmark-code PDF
175,BSE,BSE Index Services,BSE LARGECAP,BSE LARGECAP Index,BSE LARGECAP,BSE_E_0042,Official benchmark code,Equity,Broad Market,31,Index_Master_Data PDF; accessed 2026-07-08,https://www.asiaindex.co.in/Downloads/Index_Master_Data.pdf,From BSE Index Services benchmark-code PDF
176,BSE,BSE Index Services,BSE MIDCAP SELECT INDEX,BSE MIDCAP SELECT INDEX,BSE MIDCAP SELECT INDEX,BSE_E_0043,Official benchmark code,Equity,Broad Market,32,Index_Master_Data PDF; accessed 2026-07-08,https://www.asiaindex.co.in/Downloads/Index_Master_Data.pdf,From BSE Index Services benchmark-code PDF
177,BSE,BSE Index Services,BSE SMALLCAP SELECT INDEX,BSE SMALLCAP SELECT INDEX,BSE SMALLCAP SELECT INDEX,BSE_E_0044,Official benchmark code,Equity,Broad Market,33,Index_Master_Data PDF; accessed 2026-07-08,https://www.asiaindex.co.in/Downloads/Index_Master_Data.pdf,From BSE Index Services benchmark-code PDF
178,BSE,BSE Index Services,BSE TELECOMMUNICATION,BSE TELECOMMUNICATION Index,BSE TELECOMMUNICATION,BSE_E_0045,Official benchmark code,Equity,Sectoral,34,Index_Master_Data PDF; accessed 2026-07-08,https://www.asiaindex.co.in/Downloads/Index_Master_Data.pdf,From BSE Index Services benchmark-code PDF
179,BSE,BSE Index Services,BSE UTILITIES,BSE UTILITIES Index,BSE UTILITIES,BSE_E_0046,Official benchmark code,Equity,Sectoral,35,Index_Master_Data PDF; accessed 2026-07-08,https://www.asiaindex.co.in/Downloads/Index_Master_Data.pdf,From BSE Index Services benchmark-code PDF
180,BSE,BSE Index Services,BSE SENSEX 50,BSE SENSEX 50 Index,BSE SENSEX 50,BSE_E_0047,Official benchmark code,Equity,Broad Market,36,Index_Master_Data PDF; accessed 2026-07-08,https://www.asiaindex.co.in/Downloads/Index_Master_Data.pdf,From BSE Index Services benchmark-code PDF
181,BSE,BSE Index Services,BSE SENSEX NEXT 50,BSE SENSEX NEXT 50 Index,BSE SENSEX NEXT 50,BSE_E_0048,Official benchmark code,Equity,Broad Market,37,Index_Master_Data PDF; accessed 2026-07-08,https://www.asiaindex.co.in/Downloads/Index_Master_Data.pdf,From BSE Index Services benchmark-code PDF
182,BSE,BSE Index Services,BSE BHARAT 22 INDEX,BSE BHARAT 22 INDEX,BSE BHARAT 22 INDEX,BSE_E_0049,Official benchmark code,Equity,Thematic,38,Index_Master_Data PDF; accessed 2026-07-08,https://www.asiaindex.co.in/Downloads/Index_Master_Data.pdf,From BSE Index Services benchmark-code PDF
183,BSE,BSE Index Services,BSE 100 ESG INDEX,BSE 100 ESG INDEX,BSE 100 ESG INDEX,BSE_E_0050,Official benchmark code,Equity,ESG / Shariah / Ethical,39,Index_Master_Data PDF; accessed 2026-07-08,https://www.asiaindex.co.in/Downloads/Index_Master_Data.pdf,From BSE Index Services benchmark-code PDF
184,BSE,BSE Index Services,BSE 150 MIDCAP INDEX,BSE 150 MIDCAP INDEX,BSE 150 MIDCAP INDEX,BSE_E_0055,Official benchmark code,Equity,Broad Market,40,Index_Master_Data PDF; accessed 2026-07-08,https://www.asiaindex.co.in/Downloads/Index_Master_Data.pdf,From BSE Index Services benchmark-code PDF
185,BSE,BSE Index Services,BSE 250 SMALLCAP INDEX,BSE 250 SMALLCAP INDEX,BSE 250 SMALLCAP INDEX,BSE_E_0056,Official benchmark code,Equity,Broad Market,41,Index_Master_Data PDF; accessed 2026-07-08,https://www.asiaindex.co.in/Downloads/Index_Master_Data.pdf,From BSE Index Services benchmark-code PDF
186,BSE,BSE Index Services,BSE 250 LARGEMIDCAP INDEX,BSE 250 LARGEMIDCAP INDEX,BSE 250 LARGEMIDCAP INDEX,BSE_E_0057,Official benchmark code,Equity,Broad Market,42,Index_Master_Data PDF; accessed 2026-07-08,https://www.asiaindex.co.in/Downloads/Index_Master_Data.pdf,From BSE Index Services benchmark-code PDF
187,BSE,BSE Index Services,BSE 400 MIDSMALLCAP INDEX,BSE 400 MIDSMALLCAP INDEX,BSE 400 MIDSMALLCAP INDEX,BSE_E_0058,Official benchmark code,Equity,Broad Market,43,Index_Master_Data PDF; accessed 2026-07-08,https://www.asiaindex.co.in/Downloads/Index_Master_Data.pdf,From BSE Index Services benchmark-code PDF
188,BSE,BSE Index Services,BSE DIVIDEND STABILITY INDEX,BSE DIVIDEND STABILITY INDEX,BSE DIVIDEND STABILITY INDEX,BSE_E_0059,Official benchmark code,Equity,Strategy / Factor,44,Index_Master_Data PDF; accessed 2026-07-08,https://www.asiaindex.co.in/Downloads/Index_Master_Data.pdf,From BSE Index Services benchmark-code PDF
189,BSE,BSE Index Services,BSE ENHANCED VALUE INDEX,BSE ENHANCED VALUE INDEX,BSE ENHANCED VALUE INDEX,BSE_E_0060,Official benchmark code,Equity,Strategy / Factor,45,Index_Master_Data PDF; accessed 2026-07-08,https://www.asiaindex.co.in/Downloads/Index_Master_Data.pdf,From BSE Index Services benchmark-code PDF
190,BSE,BSE Index Services,BSE LOW VOLATILITY INDEX,BSE LOW VOLATILITY INDEX,BSE LOW VOLATILITY INDEX,BSE_E_0061,Official benchmark code,Equity,Strategy / Factor,46,Index_Master_Data PDF; accessed 2026-07-08,https://www.asiaindex.co.in/Downloads/Index_Master_Data.pdf,From BSE Index Services benchmark-code PDF
191,BSE,BSE Index Services,BSE MOMENTUM INDEX,BSE MOMENTUM INDEX,BSE MOMENTUM INDEX,BSE_E_0062,Official benchmark code,Equity,Strategy / Factor,47,Index_Master_Data PDF; accessed 2026-07-08,https://www.asiaindex.co.in/Downloads/Index_Master_Data.pdf,From BSE Index Services benchmark-code PDF
192,BSE,BSE Index Services,BSE QUALITY INDEX,BSE QUALITY INDEX,BSE QUALITY INDEX,BSE_E_0063,Official benchmark code,Equity,Strategy / Factor,48,Index_Master_Data PDF; accessed 2026-07-08,https://www.asiaindex.co.in/Downloads/Index_Master_Data.pdf,From BSE Index Services benchmark-code PDF
193,BSE,BSE Index Services,BSE DIVERSIFIED FINANCIALS REVENUE GROWTH INDEX,BSE DIVERSIFIED FINANCIALS REVENUE GROWTH INDEX,BSE DIVERSIFIED FINANCIALS REVENUE GROWTH INDEX,BSE_E_0064,Official benchmark code,Equity,Thematic,49,Index_Master_Data PDF; accessed 2026-07-08,https://www.asiaindex.co.in/Downloads/Index_Master_Data.pdf,From BSE Index Services benchmark-code PDF
194,BSE,BSE Index Services,BSE 100 LARGECAP TMC,BSE 100 LARGECAP TMC Index,BSE 100 LARGECAP TMC,BSE_E_0065,Official benchmark code,Equity,Strategy / Factor,50,Index_Master_Data PDF; accessed 2026-07-08,https://www.asiaindex.co.in/Downloads/Index_Master_Data.pdf,From BSE Index Services benchmark-code PDF
195,BSE,BSE Index Services,BSE PRIVATE BANKS INDEX,BSE PRIVATE BANKS INDEX,BSE PRIVATE BANKS INDEX,BSE_E_0066,Official benchmark code,Equity,Sectoral,51,Index_Master_Data PDF; accessed 2026-07-08,https://www.asiaindex.co.in/Downloads/Index_Master_Data.pdf,From BSE Index Services benchmark-code PDF
196,BSE,BSE Index Services,BSE SERVICES,BSE SERVICES Index,BSE SERVICES,BSE_E_0067,Official benchmark code,Equity,Sectoral,52,Index_Master_Data PDF; accessed 2026-07-08,https://www.asiaindex.co.in/Downloads/Index_Master_Data.pdf,From BSE Index Services benchmark-code PDF
197,BSE,BSE Index Services,BSE SENSEX NEXT 30,BSE SENSEX NEXT 30 Index,BSE SENSEX NEXT 30,BSE_E_0068,Official benchmark code,Equity,Broad Market,53,Index_Master_Data PDF; accessed 2026-07-08,https://www.asiaindex.co.in/Downloads/Index_Master_Data.pdf,From BSE Index Services benchmark-code PDF
198,BSE,BSE Index Services,BSE SENSEX SIXTY,BSE SENSEX SIXTY Index,BSE SENSEX SIXTY,BSE_E_0069,Official benchmark code,Equity,Broad Market,54,Index_Master_Data PDF; accessed 2026-07-08,https://www.asiaindex.co.in/Downloads/Index_Master_Data.pdf,From BSE Index Services benchmark-code PDF
199,BSE,BSE Index Services,BSE SENSEX SIXTY 65:35,BSE SENSEX SIXTY 65:35 Index,BSE SENSEX SIXTY 65:35,BSE_E_0070,Official benchmark code,Equity,Broad Market,55,Index_Master_Data PDF; accessed 2026-07-08,https://www.asiaindex.co.in/Downloads/Index_Master_Data.pdf,From BSE Index Services benchmark-code PDF
200,BSE,BSE Index Services,BSE POWER & ENERGY,BSE POWER & ENERGY Index,BSE POWER & ENERGY,BSE_E_0071,Official benchmark code,Equity,Thematic,56,Index_Master_Data PDF; accessed 2026-07-08,https://www.asiaindex.co.in/Downloads/Index_Master_Data.pdf,From BSE Index Services benchmark-code PDF
201,BSE,BSE Index Services,BSE 200 EQUAL WEIGHT,BSE 200 EQUAL WEIGHT Index,BSE 200 EQUAL WEIGHT,BSE_E_0072,Official benchmark code,Equity,Strategy / Factor,57,Index_Master_Data PDF; accessed 2026-07-08,https://www.asiaindex.co.in/Downloads/Index_Master_Data.pdf,From BSE Index Services benchmark-code PDF
202,BSE,BSE Index Services,BSE INTERNET ECONOMY,BSE INTERNET ECONOMY Index,BSE INTERNET ECONOMY,BSE_E_0073,Official benchmark code,Equity,Thematic,58,Index_Master_Data PDF; accessed 2026-07-08,https://www.asiaindex.co.in/Downloads/Index_Master_Data.pdf,From BSE Index Services benchmark-code PDF
203,BSE,BSE Index Services,BSE CAPITAL MARKETS & INSURANCE,BSE CAPITAL MARKETS & INSURANCE Index,BSE CAPITAL MARKETS & INSURANCE,BSE_E_0074,Official benchmark code,Equity,Thematic,59,Index_Master_Data PDF; accessed 2026-07-08,https://www.asiaindex.co.in/Downloads/Index_Master_Data.pdf,From BSE Index Services benchmark-code PDF
204,BSE,BSE Index Services,BSE FOCUSED IT,BSE FOCUSED IT Index,BSE FOCUSED IT,BSE_E_0075,Official benchmark code,Equity,Sectoral,60,Index_Master_Data PDF; accessed 2026-07-08,https://www.asiaindex.co.in/Downloads/Index_Master_Data.pdf,From BSE Index Services benchmark-code PDF
205,BSE,BSE Index Services,BSE PREMIUM CONSUMPTION,BSE PREMIUM CONSUMPTION Index,BSE PREMIUM CONSUMPTION,BSE_E_0076,Official benchmark code,Equity,Thematic,61,Index_Master_Data PDF; accessed 2026-07-08,https://www.asiaindex.co.in/Downloads/Index_Master_Data.pdf,From BSE Index Services benchmark-code PDF
206,BSE,BSE Index Services,BSE FOCUSED MIDCAP,BSE FOCUSED MIDCAP Index,BSE FOCUSED MIDCAP,BSE_E_0077,Official benchmark code,Equity,Broad Market,62,Index_Master_Data PDF; accessed 2026-07-08,https://www.asiaindex.co.in/Downloads/Index_Master_Data.pdf,From BSE Index Services benchmark-code PDF
207,BSE,BSE Index Services,BSE SELECT BUSINESS GROUPS,BSE SELECT BUSINESS GROUPS Index,BSE SELECT BUSINESS GROUPS,BSE_E_0078,Official benchmark code,Equity,Thematic,63,Index_Master_Data PDF; accessed 2026-07-08,https://www.asiaindex.co.in/Downloads/Index_Master_Data.pdf,From BSE Index Services benchmark-code PDF
208,BSE,BSE Index Services,BSE SENSEX EQUAL WEIGHT,BSE SENSEX EQUAL WEIGHT Index,BSE SENSEX EQUAL WEIGHT,BSE_E_0079,Official benchmark code,Equity,Strategy / Factor,64,Index_Master_Data PDF; accessed 2026-07-08,https://www.asiaindex.co.in/Downloads/Index_Master_Data.pdf,From BSE Index Services benchmark-code PDF
209,BSE,BSE Index Services,BSE SELECT IPO,BSE SELECT IPO Index,BSE SELECT IPO,BSE_E_0080,Official benchmark code,Equity,Thematic,65,Index_Master_Data PDF; accessed 2026-07-08,https://www.asiaindex.co.in/Downloads/Index_Master_Data.pdf,From BSE Index Services benchmark-code PDF
210,BSE,BSE Index Services,BSE PSU BANK,BSE PSU BANK Index,BSE PSU BANK,BSE_E_0081,Official benchmark code,Equity,Sectoral,66,Index_Master_Data PDF; accessed 2026-07-08,https://www.asiaindex.co.in/Downloads/Index_Master_Data.pdf,From BSE Index Services benchmark-code PDF
211,BSE,BSE Index Services,BSE INDIA SECTOR LEADERS,BSE INDIA SECTOR LEADERS Index,BSE INDIA SECTOR LEADERS,BSE_E_0082,Official benchmark code,Equity,Strategy / Factor,67,Index_Master_Data PDF; accessed 2026-07-08,https://www.asiaindex.co.in/Downloads/Index_Master_Data.pdf,From BSE Index Services benchmark-code PDF
212,BSE,BSE Index Services,BSE 1000,BSE 1000 Index,BSE 1000,BSE_E_0083,Official benchmark code,Equity,Broad Market,68,Index_Master_Data PDF; accessed 2026-07-08,https://www.asiaindex.co.in/Downloads/Index_Master_Data.pdf,From BSE Index Services benchmark-code PDF
213,BSE,BSE Index Services,BSE NEXT 500,BSE NEXT 500 Index,BSE NEXT 500,BSE_E_0084,Official benchmark code,Equity,Broad Market,69,Index_Master_Data PDF; accessed 2026-07-08,https://www.asiaindex.co.in/Downloads/Index_Master_Data.pdf,From BSE Index Services benchmark-code PDF
214,BSE,BSE Index Services,BSE 250 MICROCAP,BSE 250 MICROCAP Index,BSE 250 MICROCAP,BSE_E_0085,Official benchmark code,Equity,Broad Market,70,Index_Master_Data PDF; accessed 2026-07-08,https://www.asiaindex.co.in/Downloads/Index_Master_Data.pdf,From BSE Index Services benchmark-code PDF
215,BSE,BSE Index Services,BSE NEXT 250 MICROCAP,BSE NEXT 250 MICROCAP Index,BSE NEXT 250 MICROCAP,BSE_E_0086,Official benchmark code,Equity,Broad Market,71,Index_Master_Data PDF; accessed 2026-07-08,https://www.asiaindex.co.in/Downloads/Index_Master_Data.pdf,From BSE Index Services benchmark-code PDF
216,BSE,BSE Index Services,BSE 1000 MULTICAP EQUAL SIZE WEIGHTED (25%),BSE 1000 MULTICAP EQUAL SIZE WEIGHTED (25%) Index,BSE 1000 MULTICAP EQUAL SIZE WEIGHTED (25%),BSE_E_0087,Official benchmark code,Equity,Broad Market,72,Index_Master_Data PDF; accessed 2026-07-08,https://www.asiaindex.co.in/Downloads/Index_Master_Data.pdf,From BSE Index Services benchmark-code PDF
217,BSE,BSE Index Services,BSE 500 ENHANCED VALUE 50,BSE 500 ENHANCED VALUE 50 Index,BSE 500 ENHANCED VALUE 50,BSE_E_0088,Official benchmark code,Equity,Strategy / Factor,73,Index_Master_Data PDF; accessed 2026-07-08,https://www.asiaindex.co.in/Downloads/Index_Master_Data.pdf,From BSE Index Services benchmark-code PDF
218,BSE,BSE Index Services,BSE 500 QUALITY 50,BSE 500 QUALITY 50 Index,BSE 500 QUALITY 50,BSE_E_0089,Official benchmark code,Equity,Strategy / Factor,74,Index_Master_Data PDF; accessed 2026-07-08,https://www.asiaindex.co.in/Downloads/Index_Master_Data.pdf,From BSE Index Services benchmark-code PDF
219,BSE,BSE Index Services,BSE INDIA 150,BSE INDIA 150 Index,BSE INDIA 150,BSE_E_0090,Official benchmark code,Equity,Broad Market,75,Index_Master_Data PDF; accessed 2026-07-08,https://www.asiaindex.co.in/Downloads/Index_Master_Data.pdf,From BSE Index Services benchmark-code PDF
220,BSE,BSE Index Services,BSE 500 DIVIDEND LEADERS 50,BSE 500 DIVIDEND LEADERS 50 Index,BSE 500 DIVIDEND LEADERS 50,BSE_E_0091,Official benchmark code,Equity,Strategy / Factor,76,Index_Master_Data PDF; accessed 2026-07-08,https://www.asiaindex.co.in/Downloads/Index_Master_Data.pdf,From BSE Index Services benchmark-code PDF
221,BSE,BSE Index Services,BSE 500 LOW VOLATILITY 50,BSE 500 LOW VOLATILITY 50 Index,BSE 500 LOW VOLATILITY 50,BSE_E_0092,Official benchmark code,Equity,Strategy / Factor,77,Index_Master_Data PDF; accessed 2026-07-08,https://www.asiaindex.co.in/Downloads/Index_Master_Data.pdf,From BSE Index Services benchmark-code PDF
222,BSE,BSE Index Services,BSE 500 MOMENTUM 50,BSE 500 MOMENTUM 50 Index,BSE 500 MOMENTUM 50,BSE_E_0093,Official benchmark code,Equity,Strategy / Factor,78,Index_Master_Data PDF; accessed 2026-07-08,https://www.asiaindex.co.in/Downloads/Index_Master_Data.pdf,From BSE Index Services benchmark-code PDF
223,BSE,BSE Index Services,BSE INSURANCE,BSE INSURANCE Index,BSE INSURANCE,BSE_E_0095,Official benchmark code,Equity,Sectoral,79,Index_Master_Data PDF; accessed 2026-07-08,https://www.asiaindex.co.in/Downloads/Index_Master_Data.pdf,From BSE Index Services benchmark-code PDF
224,BSE,BSE Index Services,BSE INDIA DEFENCE,BSE INDIA DEFENCE Index,BSE INDIA DEFENCE,BSE_E_0096,Official benchmark code,Equity,Thematic,80,Index_Master_Data PDF; accessed 2026-07-08,https://www.asiaindex.co.in/Downloads/Index_Master_Data.pdf,From BSE Index Services benchmark-code PDF
225,BSE,BSE Index Services,BSE CAPITAL MARKETS,BSE CAPITAL MARKETS Index,BSE CAPITAL MARKETS,BSE_E_0097,Official benchmark code,Equity,Thematic,81,Index_Master_Data PDF; accessed 2026-07-08,https://www.asiaindex.co.in/Downloads/Index_Master_Data.pdf,From BSE Index Services benchmark-code PDF
226,BSE,BSE Index Services,BSE HOSPITALS,BSE HOSPITALS Index,BSE HOSPITALS,BSE_E_0099,Official benchmark code,Equity,Sectoral,82,Index_Master_Data PDF; accessed 2026-07-08,https://www.asiaindex.co.in/Downloads/Index_Master_Data.pdf,From BSE Index Services benchmark-code PDF
227,BSE,BSE Index Services,BSE MULTICAP CONSUMPTION (50:30:20),BSE MULTICAP CONSUMPTION (50:30:20) Index,BSE MULTICAP CONSUMPTION (50:30:20),BSE_E_0101,Official benchmark code,Equity,Thematic,83,Index_Master_Data PDF; accessed 2026-07-08,https://www.asiaindex.co.in/Downloads/Index_Master_Data.pdf,From BSE Index Services benchmark-code PDF
228,BSE,BSE Index Services,BSE TOP 10 BANKS,BSE TOP 10 BANKS Index,BSE TOP 10 BANKS,BSE_E_0102,Official benchmark code,Equity,Sectoral,84,Index_Master_Data PDF; accessed 2026-07-08,https://www.asiaindex.co.in/Downloads/Index_Master_Data.pdf,From BSE Index Services benchmark-code PDF
229,BSE,BSE Index Services,BSE LARGECAP 100 MOMENTUM 30,BSE LARGECAP 100 MOMENTUM 30 Index,BSE LARGECAP 100 MOMENTUM 30,BSE_E_0103,Official benchmark code,Equity,Strategy / Factor,85,Index_Master_Data PDF; accessed 2026-07-08,https://www.asiaindex.co.in/Downloads/Index_Master_Data.pdf,From BSE Index Services benchmark-code PDF
230,BSE,BSE Index Services,BSE LARGECAP 100 LOW VOLATILITY 30,BSE LARGECAP 100 LOW VOLATILITY 30 Index,BSE LARGECAP 100 LOW VOLATILITY 30,BSE_E_0104,Official benchmark code,Equity,Strategy / Factor,86,Index_Master_Data PDF; accessed 2026-07-08,https://www.asiaindex.co.in/Downloads/Index_Master_Data.pdf,From BSE Index Services benchmark-code PDF
231,BSE,BSE Index Services,BSE LARGECAP 100 ENHANCED VALUE 30,BSE LARGECAP 100 ENHANCED VALUE 30 Index,BSE LARGECAP 100 ENHANCED VALUE 30,BSE_E_0105,Official benchmark code,Equity,Strategy / Factor,87,Index_Master_Data PDF; accessed 2026-07-08,https://www.asiaindex.co.in/Downloads/Index_Master_Data.pdf,From BSE Index Services benchmark-code PDF
232,BSE,BSE Index Services,BSE LARGECAP 100 QUALITY 30,BSE LARGECAP 100 QUALITY 30 Index,BSE LARGECAP 100 QUALITY 30,BSE_E_0106,Official benchmark code,Equity,Strategy / Factor,88,Index_Master_Data PDF; accessed 2026-07-08,https://www.asiaindex.co.in/Downloads/Index_Master_Data.pdf,From BSE Index Services benchmark-code PDF
233,BSE,BSE Index Services,BSE 500 EQUAL WEIGHT,BSE 500 EQUAL WEIGHT Index,BSE 500 EQUAL WEIGHT,BSE_E_0107,Official benchmark code,Equity,Strategy / Factor,89,Index_Master_Data PDF; accessed 2026-07-08,https://www.asiaindex.co.in/Downloads/Index_Master_Data.pdf,From BSE Index Services benchmark-code PDF
234,BSE,BSE Index Services,BSE ALL DERIVATIVE STOCKS,BSE ALL DERIVATIVE STOCKS Index,BSE ALL DERIVATIVE STOCKS,BSE_E_0108,Official benchmark code,Equity,Other Equity,90,Index_Master_Data PDF; accessed 2026-07-08,https://www.asiaindex.co.in/Downloads/Index_Master_Data.pdf,From BSE Index Services benchmark-code PDF
235,BSE,BSE Index Services,BSE MIDCAP 150 MOMENTUM 30,BSE MIDCAP 150 MOMENTUM 30 Index,BSE MIDCAP 150 MOMENTUM 30,BSE_E_0109,Official benchmark code,Equity,Strategy / Factor,91,Index_Master_Data PDF; accessed 2026-07-08,https://www.asiaindex.co.in/Downloads/Index_Master_Data.pdf,From BSE Index Services benchmark-code PDF
236,BSE,BSE Index Services,BSE MIDCAP 150 ENHANCED VALUE 30,BSE MIDCAP 150 ENHANCED VALUE 30 Index,BSE MIDCAP 150 ENHANCED VALUE 30,BSE_E_0110,Official benchmark code,Equity,Strategy / Factor,92,Index_Master_Data PDF; accessed 2026-07-08,https://www.asiaindex.co.in/Downloads/Index_Master_Data.pdf,From BSE Index Services benchmark-code PDF
237,BSE,BSE Index Services,BSE MIDCAP 150 LOW VOLATILITY 30,BSE MIDCAP 150 LOW VOLATILITY 30 Index,BSE MIDCAP 150 LOW VOLATILITY 30,BSE_E_0111,Official benchmark code,Equity,Strategy / Factor,93,Index_Master_Data PDF; accessed 2026-07-08,https://www.asiaindex.co.in/Downloads/Index_Master_Data.pdf,From BSE Index Services benchmark-code PDF
238,BSE,BSE Index Services,BSE MIDCAP 150 QUALITY 30,BSE MIDCAP 150 QUALITY 30 Index,BSE MIDCAP 150 QUALITY 30,BSE_E_0112,Official benchmark code,Equity,Strategy / Factor,94,Index_Master_Data PDF; accessed 2026-07-08,https://www.asiaindex.co.in/Downloads/Index_Master_Data.pdf,From BSE Index Services benchmark-code PDF
239,BSE,BSE Index Services,BSE CLEAN ENVIRONMENT,BSE CLEAN ENVIRONMENT Index,BSE CLEAN ENVIRONMENT,BSE_E_0113,Official benchmark code,Equity,Thematic,95,Index_Master_Data PDF; accessed 2026-07-08,https://www.asiaindex.co.in/Downloads/Index_Master_Data.pdf,From BSE Index Services benchmark-code PDF
240,BSE,BSE Index Services,BSE MIDSMALL PRIVATE BANKS QUALITY TILT,BSE MIDSMALL PRIVATE BANKS QUALITY TILT Index,BSE MIDSMALL PRIVATE BANKS QUALITY TILT,BSE_E_0114,Official benchmark code,Equity,Strategy / Factor,96,Index_Master_Data PDF; accessed 2026-07-08,https://www.asiaindex.co.in/Downloads/Index_Master_Data.pdf,From BSE Index Services benchmark-code PDF
241,BSE,BSE Index Services,BSE SMALLCAP 500,BSE SMALLCAP 500 Index,BSE SMALLCAP 500,BSE_E_0115,Official benchmark code,Equity,Broad Market,97,Index_Master_Data PDF; accessed 2026-07-08,https://www.asiaindex.co.in/Downloads/Index_Master_Data.pdf,From BSE Index Services benchmark-code PDF
242,BSE,BSE Index Services,BSE SMALLCAP 500 QUALITY 50,BSE SMALLCAP 500 QUALITY 50 Index,BSE SMALLCAP 500 QUALITY 50,BSE_E_0116,Official benchmark code,Equity,Strategy / Factor,98,Index_Master_Data PDF; accessed 2026-07-08,https://www.asiaindex.co.in/Downloads/Index_Master_Data.pdf,From BSE Index Services benchmark-code PDF
243,BSE,BSE Index Services,BSE SMALLCAP 500 MOMENTUM 50,BSE SMALLCAP 500 MOMENTUM 50 Index,BSE SMALLCAP 500 MOMENTUM 50,BSE_E_0117,Official benchmark code,Equity,Strategy / Factor,99,Index_Master_Data PDF; accessed 2026-07-08,https://www.asiaindex.co.in/Downloads/Index_Master_Data.pdf,From BSE Index Services benchmark-code PDF
244,BSE,BSE Index Services,BSE SMALLCAP 500 LOW VOLATILITY 50,BSE SMALLCAP 500 LOW VOLATILITY 50 Index,BSE SMALLCAP 500 LOW VOLATILITY 50,BSE_E_0118,Official benchmark code,Equity,Strategy / Factor,100,Index_Master_Data PDF; accessed 2026-07-08,https://www.asiaindex.co.in/Downloads/Index_Master_Data.pdf,From BSE Index Services benchmark-code PDF
245,BSE,BSE Index Services,BSE SMALLCAP 500 ENHANCED VALUE 50,BSE SMALLCAP 500 ENHANCED VALUE 50 Index,BSE SMALLCAP 500 ENHANCED VALUE 50,BSE_E_0119,Official benchmark code,Equity,Strategy / Factor,101,Index_Master_Data PDF; accessed 2026-07-08,https://www.asiaindex.co.in/Downloads/Index_Master_Data.pdf,From BSE Index Services benchmark-code PDF
246,BSE,BSE Index Services,BSE HOUSING FINANCE,BSE HOUSING FINANCE Index,BSE HOUSING FINANCE,BSE_E_0123,Official benchmark code,Equity,Sectoral,102,Index_Master_Data PDF; accessed 2026-07-08,https://www.asiaindex.co.in/Downloads/Index_Master_Data.pdf,From BSE Index Services benchmark-code PDF
247,BSE,BSE Index Services,BSE SAATVIK 100,BSE SAATVIK 100 Index,BSE SAATVIK 100,BSE_E_0125,Official benchmark code,Equity,ESG / Shariah / Ethical,103,Index_Master_Data PDF; accessed 2026-07-08,https://www.asiaindex.co.in/Downloads/Index_Master_Data.pdf,From BSE Index Services benchmark-code PDF
248,BSE,BSE Index Services,BSE LARGEMIDCAP,BSE LARGEMIDCAP Index,BSE LARGEMIDCAP,BSE_E_0567,Official benchmark code,Equity,Broad Market,104,Index_Master_Data PDF; accessed 2026-07-08,https://www.asiaindex.co.in/Downloads/Index_Master_Data.pdf,From BSE Index Services benchmark-code PDF
249,BSE,BSE Index Services,BSE MIDSMALLCAP,BSE MIDSMALLCAP Index,BSE MIDSMALLCAP,BSE_E_0568,Official benchmark code,Equity,Broad Market,105,Index_Master_Data PDF; accessed 2026-07-08,https://www.asiaindex.co.in/Downloads/Index_Master_Data.pdf,From BSE Index Services benchmark-code PDF
250,BSE,BSE Index Services,BSE SENSEX 50 TMC,BSE SENSEX 50 TMC Index,BSE SENSEX 50 TMC,BSE_E_0569,Official benchmark code,Equity,Strategy / Factor,106,Index_Master_Data PDF; accessed 2026-07-08,https://www.asiaindex.co.in/Downloads/Index_Master_Data.pdf,From BSE Index Services benchmark-code PDF
251,BSE,BSE Index Services,BSE SENSEX Next 50 TMC,BSE SENSEX Next 50 TMC Index,BSE SENSEX Next 50 TMC,BSE_E_0570,Official benchmark code,Equity,Strategy / Factor,107,Index_Master_Data PDF; accessed 2026-07-08,https://www.asiaindex.co.in/Downloads/Index_Master_Data.pdf,From BSE Index Services benchmark-code PDF
252,BSE,BSE Index Services,BSE 500 SHARIAH,BSE 500 SHARIAH Index,BSE 500 SHARIAH,BSE_E_0571,Official benchmark code,Equity,ESG / Shariah / Ethical,108,Index_Master_Data PDF; accessed 2026-07-08,https://www.asiaindex.co.in/Downloads/Index_Master_Data.pdf,From BSE Index Services benchmark-code PDF
253,BSE,BSE Index Services,BSE SENSEX FUTURES INDEX,BSE SENSEX FUTURES INDEX,BSE SENSEX FUTURES INDEX,BSE_E_0572,Official benchmark code,Equity,Derivative / Strategy,109,Index_Master_Data PDF; accessed 2026-07-08,https://www.asiaindex.co.in/Downloads/Index_Master_Data.pdf,From BSE Index Services benchmark-code PDF
254,BSE,BSE Index Services,BSE SENSEX 2X LEVERAGE DAILY INDEX,BSE SENSEX 2X LEVERAGE DAILY INDEX,BSE SENSEX 2X LEVERAGE DAILY INDEX,BSE_E_0573,Official benchmark code,Equity,Derivative / Strategy,110,Index_Master_Data PDF; accessed 2026-07-08,https://www.asiaindex.co.in/Downloads/Index_Master_Data.pdf,From BSE Index Services benchmark-code PDF
255,BSE,BSE Index Services,BSE SENSEX 1X INVERSE DAILY INDEX,BSE SENSEX 1X INVERSE DAILY INDEX,BSE SENSEX 1X INVERSE DAILY INDEX,BSE_E_0574,Official benchmark code,Equity,Derivative / Strategy,111,Index_Master_Data PDF; accessed 2026-07-08,https://www.asiaindex.co.in/Downloads/Index_Master_Data.pdf,From BSE Index Services benchmark-code PDF
256,BSE,BSE Index Services,BSE SENSEX 2X INVERSE DAILY INDEX,BSE SENSEX 2X INVERSE DAILY INDEX,BSE SENSEX 2X INVERSE DAILY INDEX,BSE_E_0575,Official benchmark code,Equity,Derivative / Strategy,112,Index_Master_Data PDF; accessed 2026-07-08,https://www.asiaindex.co.in/Downloads/Index_Master_Data.pdf,From BSE Index Services benchmark-code PDF
257,BSE,BSE Index Services,BSE REALVOL-1MTH,BSE REALVOL-1MTH Index,BSE REALVOL-1MTH,BSE_E_0576,Official benchmark code,Volatility,Volatility,113,Index_Master_Data PDF; accessed 2026-07-08,https://www.asiaindex.co.in/Downloads/Index_Master_Data.pdf,From BSE Index Services benchmark-code PDF
258,BSE,BSE Index Services,BSE REALVOL-2MTH,BSE REALVOL-2MTH Index,BSE REALVOL-2MTH,BSE_E_0577,Official benchmark code,Volatility,Volatility,114,Index_Master_Data PDF; accessed 2026-07-08,https://www.asiaindex.co.in/Downloads/Index_Master_Data.pdf,From BSE Index Services benchmark-code PDF
259,BSE,BSE Index Services,BSE REALVOL-3MTH,BSE REALVOL-3MTH Index,BSE REALVOL-3MTH,BSE_E_0578,Official benchmark code,Volatility,Volatility,115,Index_Master_Data PDF; accessed 2026-07-08,https://www.asiaindex.co.in/Downloads/Index_Master_Data.pdf,From BSE Index Services benchmark-code PDF
260,BSE,BSE Index Services,BSE 250 LARGEMIDCAP 65:35 INDEX,BSE 250 LARGEMIDCAP 65:35 INDEX,BSE 250 LARGEMIDCAP 65:35 INDEX,BSE_E_0592,Official benchmark code,Equity,Broad Market,118,Index_Master_Data PDF; accessed 2026-07-08,https://www.asiaindex.co.in/Downloads/Index_Master_Data.pdf,From BSE Index Services benchmark-code PDF
261,BSE,BSE Index Services,BSE ARBITRAGE RATE INDEX,BSE ARBITRAGE RATE INDEX,BSE ARBITRAGE RATE INDEX,BSE_E_0593,Official benchmark code,Equity,Derivative / Strategy,119,Index_Master_Data PDF; accessed 2026-07-08,https://www.asiaindex.co.in/Downloads/Index_Master_Data.pdf,From BSE Index Services benchmark-code PDF
262,BSE,BSE Index Services,BSE Financials Ex-Banks 30 Index,BSE Financials Ex-Banks 30 Index,BSE Financials Ex-Banks 30 Index,BSE_E_0594,Official benchmark code,Equity,Sectoral,120,Index_Master_Data PDF; accessed 2026-07-08,https://www.asiaindex.co.in/Downloads/Index_Master_Data.pdf,From BSE Index Services benchmark-code PDF
263,BSE,BSE Index Services,BSE Housing (INR),BSE Housing (INR) Index,BSE Housing (INR),BSE_E_0595,Official benchmark code,Equity,Other Equity,121,Index_Master_Data PDF; accessed 2026-07-08,https://www.asiaindex.co.in/Downloads/Index_Master_Data.pdf,From BSE Index Services benchmark-code PDF
264,BSE,BSE Index Services,BSE 500 AND ARBITRAGE RATE 50/50 BLEND INDEX,BSE 500 AND ARBITRAGE RATE 50/50 BLEND INDEX,BSE 500 AND ARBITRAGE RATE 50/50 BLEND INDEX,BSE_E_0596,Official benchmark code,Equity,Derivative / Strategy,122,Index_Master_Data PDF; accessed 2026-07-08,https://www.asiaindex.co.in/Downloads/Index_Master_Data.pdf,From BSE Index Services benchmark-code PDF
265,BSE,BSE Index Services,BSE REITS AND INVITS INDEX,BSE REITS AND INVITS INDEX,BSE REITS AND INVITS INDEX,BSE_E_0597,Official benchmark code,Equity,Thematic,123,Index_Master_Data PDF; accessed 2026-07-08,https://www.asiaindex.co.in/Downloads/Index_Master_Data.pdf,From BSE Index Services benchmark-code PDF
266,BSE,BSE Index Services,BSE 500 LONG + 200 1X INVERSE 80:20,BSE 500 LONG + 200 1X INVERSE 80:20 Index,BSE 500 LONG + 200 1X INVERSE 80:20,BSE_E_0752,Official benchmark code,Equity,Derivative / Strategy,127,Index_Master_Data PDF; accessed 2026-07-08,https://www.asiaindex.co.in/Downloads/Index_Master_Data.pdf,From BSE Index Services benchmark-code PDF
267,BSE,BSE Index Services,BSE 500 LONG + 150 MIDCAP 1X INVERSE 80:20,BSE 500 LONG + 150 MIDCAP 1X INVERSE 80:20 Index,BSE 500 LONG + 150 MIDCAP 1X INVERSE 80:20,BSE_E_0753,Official benchmark code,Equity,Derivative / Strategy,128,Index_Master_Data PDF; accessed 2026-07-08,https://www.asiaindex.co.in/Downloads/Index_Master_Data.pdf,From BSE Index Services benchmark-code PDF
268,BSE,BSE Index Services,BSE 150 MIDCAP 1X INVERSE DAILY,BSE 150 MIDCAP 1X INVERSE DAILY Index,BSE 150 MIDCAP 1X INVERSE DAILY,BSE_E_0754,Official benchmark code,Equity,Derivative / Strategy,129,Index_Master_Data PDF; accessed 2026-07-08,https://www.asiaindex.co.in/Downloads/Index_Master_Data.pdf,From BSE Index Services benchmark-code PDF
269,BSE,BSE Index Services,BSE 200 1X INVERSE DAILY,BSE 200 1X INVERSE DAILY Index,BSE 200 1X INVERSE DAILY,BSE_E_0755,Official benchmark code,Equity,Derivative / Strategy,130,Index_Master_Data PDF; accessed 2026-07-08,https://www.asiaindex.co.in/Downloads/Index_Master_Data.pdf,From BSE Index Services benchmark-code PDF
270,NSE,NSE,India VIX,India Volatility Index,INDIA VIX,INDIA VIX,NSE live index name,Volatility,Volatility,,NSE live market indices; accessed 2026-07-08,https://www.nseindia.com/market-data/live-market-indices,Included separately because it is shown as INDIA VIX on NSE live market indices